id	uuid	coa_lvl	coa_name	balance	average_balance	rate
1214	1085cff8-e30e-43ec-97fd-44c5fdecd49b	1_1	现金及存放央行	17950159801.66	10915535758.27	14643383.272501
1215	8a0383cd-ecba-4fd3-97b0-35cda112bcb0	1_1_1	现金_1D	352301313.22	315817522.05	\N
1216	d2576c89-8072-4b3d-bd96-aae333941083	1_1_2	存放央行法定准备金_30Y	12993396464.18	9867795678.47	-29043911.006594
1217	fb8f3525-d442-4249-a514-4f0404fc439c	1_1_3	存放央行超额准备金_1D	4590822024.26	722989944.85	49601960.117388
1218	6648f8b7-2d0d-4ddb-bb6a-ca525c2bf2be	1_1_4	存放央行其他款项_30Y	13640000.0	8932612.9	\N
1219	a6ba3e02-ce6b-40c9-9199-679f9e2ca293	1_2	同业资产	25399096836.7	9741609449.5	44563467.372953
1220	4dd4834b-a318-4dff-830e-3d945602c061	1_2_1	存放同业款项	12267470836.7	7933941377.03	20915999.111719
1221	41c613f1-3a83-4954-9edf-3f8c25dc78f3	1_2_1_1	存放同业款项_金融市场部	\N	\N	\N
1222	e359df31-96be-4697-83aa-4e4d1ff4119d	1_2_1_1_1	存放同业活期款项_金融市场部_1D	\N	\N	\N
1223	a5cb2110-80cd-4c6b-84fa-5ec614c3cfd0	1_2_1_1_2	存放同业定期款项_金融市场部_1M	\N	\N	\N
1224	17bdbc68-ea4d-4beb-8467-cb39e168d24b	1_2_1_1_3	存放同业定期款项_金融市场部_3M	\N	\N	\N
1225	eb2d1b11-d8b2-44dc-95bb-24e89c3b6eb2	1_2_1_1_4	存放同业定期款项_金融市场部_6M	\N	\N	\N
1226	18af7f4c-d2fc-429e-addd-8c68f32c6cd6	1_2_1_1_5	存放同业定期款项_金融市场部_1Y	\N	\N	\N
1227	293862d9-3464-4b3e-b535-5fdcdb0307a2	1_2_1_2	存放同业款项_公司金融部	12267470836.7	7933941377.03	20915999.111719
1228	b5a4438c-54f2-48e7-bd6a-311952d19b33	1_2_1_2_1	存放同业活期款项_公司金融部_1D	8467470836.7	7933941377.03	9910125.335421
1229	23eb2ce3-a51b-41a9-83e8-79415910e9ca	1_2_1_2_2	存放同业定期款项_公司金融部_1M	\N	\N	\N
1230	5af897d2-2c71-450b-a176-beac9898ba89	1_2_1_2_3	存放同业定期款项_公司金融部_3M	2000000000.0	\N	779427.083333
1231	9f67d348-cd48-4420-94f8-9768fbd1790b	1_2_1_2_4	存放同业定期款项_公司金融部_6M	\N	\N	\N
1232	4c40f692-3f15-474d-9193-7220cdf7c66a	1_2_1_2_5	存放同业定期款项_公司金融部_1Y	1800000000.0	\N	8118741.12
1233	b8ea3878-41f3-4baf-ae49-36aa1858e951	1_2_2	拆放同业款项	4138716000.0	461408967.74	20460371.027554
1234	6c8f503e-c14f-4243-b31e-5a8415ab372a	1_2_2_1	拆放同业款项_1D	\N	\N	\N
1235	6a5299d5-6d9a-44aa-93ea-a394785a5451	1_2_2_2	拆放同业款项_1M	129358000.0	70938258.06	55740.721528
1236	2ccd8441-dfbb-4fe3-bca9-b53ce9d07a3e	1_2_2_3	拆放同业款项_3M	229358000.0	196922322.58	467350.18239
1237	34f53650-0967-4818-9802-12b97307b7d8	1_2_2_4	拆放同业款项_6M	250000000.0	\N	1161747.6875
1238	fc1ad7f5-d432-4713-8e89-5ed0afa66173	1_2_2_5	拆放同业款项_1Y	3530000000.0	193548387.1	18775532.5575
1239	dd918b7f-e0f9-4e47-b8c1-79cd33f0b5ac	1_2_3	买入返售	8992910000.0	1346259104.73	4071344.271789
1240	54d14956-1640-44ea-8894-6365b207988b	1_2_3_1	买入返售债券	6992910000.0	433355878.92	1056694.593569
1241	aac7b63e-4208-4cf6-81e8-2c6a4e8aa722	1_2_3_1_1	买入返售债券_买断式_1D	\N	14620072.47	21059.142905
1242	50a90be1-e9fa-49ee-b8ff-92f50605d91a	1_2_3_1_2	买入返售债券_买断式_7D	6992910000.0	418735806.45	1074960.996356
1243	afe2b94a-2e18-4064-ac4e-03452f5aee91	1_2_3_1_3	买入返售债券_质押式_1D	\N	\N	\N
1244	ec87f260-210e-4483-95cc-920872556a69	1_2_3_1_4	买入返售债券_质押式_7D	\N	\N	\N
1245	22a488b8-5570-4777-9b76-a87ff7229bff	1_2_3_2	买入返售票据	2000000000.0	912903225.81	2956129.090833
1246	088898fa-fc18-49aa-97a1-a0ca344db95a	1_2_3_2_1	买入返售票据_买断式_1D	\N	\N	\N
1247	801be41f-9998-4726-ba40-08d451c8c08b	1_2_3_2_2	买入返售票据_买断式_7D	2000000000.0	912903225.81	2956129.090833
1248	f1462aa4-4721-4026-8c98-ecfa2ed8930a	1_2_3_2_3	买入返售票据_质押式_1D	\N	\N	\N
1249	1d230a9f-bf45-4f50-b006-91a078ade455	1_2_3_2_4	买入返售票据_质押式_7D	\N	\N	\N
1250	97ff19fa-3253-4d64-b627-697e9850f8eb	1_3	各项投资	110159732825.43	25640168009.1	453181145.907543
1251	29bacd8c-d419-4bcc-aacd-2b6743ae7ae1	1_3_1	金融市场部投资	53901916889.84	19600422907.1	183740100.397943
1252	58cc0b91-5bdb-42b5-9e4b-c41425cff755	1_3_1_1	金融市场部_交易性金融资产	18348493643.13	19231016157.81	51430488.308025
1253	ab49c802-aaf5-4996-bc4e-1d231773da48	1_3_1_1_1	金融市场部_交易性国债投资	\N	477203.72	1001.549847
1254	b41a6d2e-7f95-4bd9-ae5e-1aa3e00ffb45	1_3_1_1_1_1	金融市场部_交易性国债投资_司库	\N	\N	\N
1255	b048ae3d-b9be-4308-8d34-5ffef9770be6	1_3_1_1_1_1_1	金融市场部_交易性国债投资_司库_1Y	\N	\N	\N
1256	92a419a6-da35-453c-87f3-63c8e11d718a	1_3_1_1_1_1_2	金融市场部_交易性国债投资_司库_3Y	\N	\N	\N
1257	1e6f0443-6659-4cbd-a236-50cd43788cb7	1_3_1_1_1_1_3	金融市场部_交易性国债投资_司库_5Y	\N	\N	\N
1258	9edf50c2-35d0-44a6-98a8-8f556d0da64e	1_3_1_1_1_1_4	金融市场部_交易性国债投资_司库_10Y	\N	\N	\N
1259	da8e1899-1ece-44fc-9a2c-d44c7d324b74	1_3_1_1_1_2	金融市场部_交易性国债投资_非司库	\N	477203.72	1001.549847
1260	3291453f-9479-4cbf-8e39-c6a8e53abaea	1_3_1_1_1_2_1	金融市场部_交易性国债投资_非司库_交易账户	\N	477203.72	1001.549847
1261	4234d71c-3c46-495c-8798-81e935b70bf3	1_3_1_1_1_2_1_1	金融市场部_交易性国债投资_非司库_交易账户_1Y	\N	\N	\N
1262	668e61e8-a051-442d-a675-ae9bb835ff9c	1_3_1_1_1_2_1_2	金融市场部_交易性国债投资_非司库_交易账户_3Y	\N	\N	\N
1263	c249b6a1-7a6b-499c-b2bb-a5325e04e098	1_3_1_1_1_2_1_3	金融市场部_交易性国债投资_非司库_交易账户_5Y	\N	477203.72	1001.529589
1264	5c22b6ed-b1f7-4b53-99fa-e4e3d2c26211	1_3_1_1_1_2_1_4	金融市场部_交易性国债投资_非司库_交易账户_10Y	\N	\N	\N
1265	88dbc237-662d-4f74-bba3-5093d54f5e92	1_3_1_1_1_2_2	金融市场部_交易性国债投资_非司库_银行账户	\N	\N	\N
1266	3c37051b-b725-45a5-b4b2-0862180a9b56	1_3_1_1_1_2_2_1	金融市场部_交易性国债投资_非司库_银行账户_1Y	\N	\N	\N
1267	ba8b9490-704d-4455-88ef-cca9076b49c6	1_3_1_1_1_2_2_2	金融市场部_交易性国债投资_非司库_银行账户_3Y	\N	\N	\N
1268	d4665452-ac08-4873-a9c7-3830c706625f	1_3_1_1_1_2_2_3	金融市场部_交易性国债投资_非司库_银行账户_5Y	\N	\N	\N
1269	1fd4f56b-bce4-4cbf-bf47-2fc8a3a0568c	1_3_1_1_1_2_2_4	金融市场部_交易性国债投资_非司库_银行账户_10Y	\N	\N	\N
1270	6ed03cd8-5594-4b89-8372-5df8f5b41bcf	1_3_1_1_2	金融市场部_交易性央票投资	\N	\N	\N
1271	57fd3ff7-3d3d-4639-a101-c8092f014c6a	1_3_1_1_2_1	金融市场部_交易性央票投资_司库	\N	\N	\N
1272	3e56f9f4-ddb8-4167-992e-ca04e3ce9e62	1_3_1_1_2_1_1	金融市场部_交易性央票投资_司库_1Y	\N	\N	\N
1273	68b06873-2e1d-466a-bdfc-7fa7960913ad	1_3_1_1_2_1_2	金融市场部_交易性央票投资_司库_3Y	\N	\N	\N
1274	a934b455-444c-4528-a493-2658946420db	1_3_1_1_2_1_3	金融市场部_交易性央票投资_司库_5Y	\N	\N	\N
1275	47d50345-3963-41c6-b65e-8089336eb01a	1_3_1_1_2_1_4	金融市场部_交易性央票投资_司库_10Y	\N	\N	\N
1276	781e5564-cfe3-4148-8c6d-24c3c23b0695	1_3_1_1_2_2	金融市场部_交易性央票投资_非司库	\N	\N	\N
1277	ea23b889-6995-40fe-8cc6-89b671c4733a	1_3_1_1_2_2_1	金融市场部_交易性央票投资_非司库_交易账户	\N	\N	\N
1278	f2b7f587-1c79-4de8-b09e-51c1f4e63b79	1_3_1_1_2_2_1_1	金融市场部_交易性央票投资_非司库_交易账户_1Y	\N	\N	\N
1279	60ffee80-3bcd-49b3-8e59-20c5957348f2	1_3_1_1_2_2_1_2	金融市场部_交易性央票投资_非司库_交易账户_3Y	\N	\N	\N
1280	cacee2e9-ef11-4523-a80b-c0890d9c45da	1_3_1_1_2_2_1_3	金融市场部_交易性央票投资_非司库_交易账户_5Y	\N	\N	\N
1281	e135957a-f6be-41d2-803c-a6d4ccb296ea	1_3_1_1_2_2_1_4	金融市场部_交易性央票投资_非司库_交易账户_10Y	\N	\N	\N
1282	5b317ca7-738b-4e99-b0dd-aefe87643e3c	1_3_1_1_2_2_2	金融市场部_交易性央票投资_非司库_银行账户	\N	\N	\N
1283	4cf6dac9-50e9-4f52-87f1-884cfd53af8f	1_3_1_1_2_2_2_1	金融市场部_交易性央票投资_非司库_银行账户_1Y	\N	\N	\N
1284	eba0efbc-6f1a-427c-86f2-250d0decf4c4	1_3_1_1_2_2_2_2	金融市场部_交易性央票投资_非司库_银行账户_3Y	\N	\N	\N
1285	b5cddd95-7da2-4b16-8e58-ceef716d973b	1_3_1_1_2_2_2_3	金融市场部_交易性央票投资_非司库_银行账户_5Y	\N	\N	\N
1286	60930660-5e2e-41b8-8fb5-32bcdb8016e5	1_3_1_1_2_2_2_4	金融市场部_交易性央票投资_非司库_银行账户_10Y	\N	\N	\N
1287	f7bd37d5-591a-4ed3-a320-3f59e9c62e60	1_3_1_1_3	金融市场部_交易性地方政府债投资	500003891.3	484641654.98	1438179.35605
1288	fb73d84a-6891-4dc9-a4de-b7a54bf0cca1	1_3_1_1_3_1	金融市场部_交易性地方政府债投资_司库	\N	\N	\N
1289	b215b27f-75b9-431c-93fe-edeb0c815c2a	1_3_1_1_3_1_1	金融市场部_交易性地方政府债投资_司库_1Y	\N	\N	\N
1290	7df36825-acd6-4053-92b8-29ca2d854ce2	1_3_1_1_3_1_2	金融市场部_交易性地方政府债投资_司库_3Y	\N	\N	\N
1291	50d7cfff-84ea-4f5e-87a8-522633943012	1_3_1_1_3_1_3	金融市场部_交易性地方政府债投资_司库_5Y	\N	\N	\N
1292	42711594-67f8-49be-a27c-de8f8e552a96	1_3_1_1_3_1_4	金融市场部_交易性地方政府债投资_司库_10Y	\N	\N	\N
1293	ee23858a-2535-4b92-bbc3-2756fd4ef4bf	1_3_1_1_3_2	金融市场部_交易性地方政府债投资_非司库	500003891.3	484641654.98	1438179.35605
1294	80c8f76e-a819-4406-a322-85c14e20c207	1_3_1_1_3_2_1	金融市场部_交易性地方政府债投资_非司库_交易账户	500003891.3	484641654.98	1438179.35605
1295	48dfe7b2-3ea7-4044-8ea2-08a16897b67b	1_3_1_1_3_2_1_1	金融市场部_交易性地方政府债投资_非司库_交易账户_1Y	\N	\N	\N
1296	67838af3-6d73-4c27-9f8b-51ec1eb89abf	1_3_1_1_3_2_1_2	金融市场部_交易性地方政府债投资_非司库_交易账户_3Y	\N	\N	\N
1297	3c809caf-c79e-48b9-9aac-e4285bf05ee6	1_3_1_1_3_2_1_3	金融市场部_交易性地方政府债投资_非司库_交易账户_5Y	\N	\N	\N
1298	25822025-d721-4721-9386-8c32f0fb7016	1_3_1_1_3_2_1_4	金融市场部_交易性地方政府债投资_非司库_交易账户_10Y	500003891.3	484641654.98	1438179.35605
1299	556e7dd2-1c14-4124-94fe-2f0604c23c29	1_3_1_1_3_2_2	金融市场部_交易性地方政府债投资_非司库_银行账户	\N	\N	\N
1300	ec303088-cd83-4920-a3f8-4e976b5d2749	1_3_1_1_3_2_2_1	金融市场部_交易性地方政府债投资_非司库_银行账户_1Y	\N	\N	\N
1301	5a509b64-33dd-4960-a2eb-6443028a193e	1_3_1_1_3_2_2_2	金融市场部_交易性地方政府债投资_非司库_银行账户_3Y	\N	\N	\N
1302	e5fd27af-de40-4cb6-8348-842819ac7869	1_3_1_1_3_2_2_3	金融市场部_交易性地方政府债投资_非司库_银行账户_5Y	\N	\N	\N
1303	bf1e2a95-5542-4396-a14c-e79c2824d01a	1_3_1_1_3_2_2_4	金融市场部_交易性地方政府债投资_非司库_银行账户_10Y	\N	\N	\N
1304	848bda7d-5826-4c3b-9669-3e0269610487	1_3_1_1_4	金融市场部_交易性政策性金融债投资	307242895.89	331570085.76	843655.835305
1305	899affd5-9a60-4b5a-ad6c-1367bc85e2d7	1_3_1_1_4_1	金融市场部_交易性政策性金融债投资_司库	\N	\N	\N
1306	9151765e-d0ba-4e3c-8d95-8f75e60a833b	1_3_1_1_4_1_1	金融市场部_交易性政策性金融债投资_ 司库_1Y	\N	\N	\N
1307	c6a5d91f-70e6-415d-9efe-75963c4bf5e5	1_3_1_1_4_1_2	金融市场部_交易性政策性金融债投资_ 司库_3Y	\N	\N	\N
1308	ee25ab7d-03c7-4030-b92d-db4cb2f04501	1_3_1_1_4_1_3	金融市场部_交易性政策性金融债投资_ 司库_5Y	\N	\N	\N
1309	2d851322-628d-4aaa-a02f-242a945ba253	1_3_1_1_4_1_4	金融市场部_交易性政策性金融债投资_ 司库_10Y	\N	\N	\N
1310	31816085-e2a3-497e-a88c-f70a0a093e70	1_3_1_1_4_2	金融市场部_交易性政策性金融债投资_非司库	307242895.89	331570085.76	843655.835305
1311	79e4430d-c734-4ed0-9901-fc17f6b6b0b6	1_3_1_1_4_2_1	金融市场部_交易性政策性金融债投资_非司库_交易账户	307242895.89	331570085.76	843655.835305
1312	44c1e691-48d9-4da5-9b74-ed9625f861db	1_3_1_1_4_2_1_1	金融市场部_交易性政策性金融债投资_非司库_交易账户_1Y	\N	21276333.61	40744.199616
1313	abf2031c-cbd8-4a6a-a1f3-99cba27cec2f	1_3_1_1_4_2_1_2	金融市场部_交易性政策性金融债投资_非司库_交易账户_3Y	307242895.89	310293752.14	811144.446563
1314	5912f121-6177-42fe-8956-426a3b281eaa	1_3_1_1_4_2_1_3	金融市场部_交易性政策性金融债投资_非司库_交易账户_5Y	\N	\N	\N
1315	26152260-6ac4-4e31-b2de-038256296ac7	1_3_1_1_4_2_1_4	金融市场部_交易性政策性金融债投资_非司库_交易账户_10Y	\N	\N	\N
1316	2367db69-2925-4cad-960d-c6568859b8eb	1_3_1_1_4_2_2	金融市场部_交易性政策性金融债投资_非司库_银行账户	\N	\N	\N
1317	8f97e3fa-02e2-4de7-af60-4992030a770c	1_3_1_1_4_2_2_1	金融市场部_交易性政策性金融债投资_非司库_银行账户_1Y	\N	\N	\N
1318	e03c192c-2748-4fa5-a987-8b6f34e54dde	1_3_1_1_4_2_2_2	金融市场部_交易性政策性金融债投资_非司库_银行账户_3Y	\N	\N	\N
1319	95f3f833-e6c0-4cb3-8542-069e009d6ef1	1_3_1_1_4_2_2_3	金融市场部_交易性政策性金融债投资_非司库_银行账户_5Y	\N	\N	\N
1320	912717af-016f-42ee-9020-708f1b3b40a4	1_3_1_1_4_2_2_4	金融市场部_交易性政策性金融债投资_非司库_银行账户_10Y	\N	\N	\N
1321	ce477c1e-a754-445d-a925-94e6bc653194	1_3_1_1_5	金融市场部_交易性商业银行债投资	1564604917.13	215722891.52	5083472.223512
1322	867aba9c-f1fd-474a-b221-b6684c34ab4d	1_3_1_1_5_1	金融市场部_交易性商业银行债投资_司库	\N	\N	\N
1323	b37a9e22-d780-455b-9e08-06878502279f	1_3_1_1_5_1_1	金融市场部_交易性商业银行债投资_司库_1Y	\N	\N	\N
1324	f8e6ad0e-661b-41c9-aed6-775fe6344e60	1_3_1_1_5_1_2	金融市场部_交易性商业银行债投资_司库_3Y	\N	\N	\N
1325	bdbcb8ee-4861-42b4-98bd-6a22c6e57d96	1_3_1_1_5_1_3	金融市场部_交易性商业银行债投资_司库_5Y	\N	\N	\N
1326	f05e0140-be87-4f29-afd2-9bf12492f6ed	1_3_1_1_5_1_4	金融市场部_交易性商业银行债投资_司库_10Y	\N	\N	\N
1327	3261a552-b3d3-4042-a39e-591256d988a5	1_3_1_1_5_2	金融市场部_交易性商业银行债投资_非司库	1564604917.13	215722891.52	5083472.223512
1328	d474b6fb-ff81-4770-a359-53f0dfe458a8	1_3_1_1_5_2_1	金融市场部_交易性商业银行债投资_非司库_交易账户	398808939.73	215722891.52	661805.562621
1329	81b2f2cc-d20a-4ef1-affe-667bd19dd15f	1_3_1_1_5_2_1_1	金融市场部_交易性商业银行债投资_非司库_交易账户_1Y	\N	\N	\N
1330	2f95c9e5-695b-46c9-a54b-970633c38f86	1_3_1_1_5_2_1_2	金融市场部_交易性商业银行债投资_非司库_交易账户_3Y	\N	\N	\N
1331	bb6e31ca-3ad6-47dc-98ee-0d6324f26227	1_3_1_1_5_2_1_3	金融市场部_交易性商业银行债投资_非司库_交易账户_5Y	299264239.73	202867191.52	621250.008644
1332	3d6d999f-5726-4626-9d65-b6b1b3354fc7	1_3_1_1_5_2_1_4	金融市场部_交易性商业银行债投资_非司库_交易账户_10Y	99544700.0	12855700.0	40555.555969
1333	d2e7c856-9fa8-4c2b-8709-0fc21c833da1	1_3_1_1_5_2_2	金融市场部_交易性商业银行债投资_非司库_银行账户	1165795977.4	\N	4421666.631047
1334	ff2e4e3f-28b2-4382-8374-a2503bcc0e76	1_3_1_1_5_2_2_1	金融市场部_交易性商业银行债投资_非司库_银行账户_1Y	\N	\N	\N
1335	258a743d-a9a9-4bf4-ad0f-899324a7039b	1_3_1_1_5_2_2_2	金融市场部_交易性商业银行债投资_非司库_银行账户_3Y	\N	\N	\N
1336	29f397a4-6a5a-4924-af97-acbc36aaa85b	1_3_1_1_5_2_2_3	金融市场部_交易性商业银行债投资_非司库_银行账户_5Y	\N	\N	\N
1337	0606f33d-e599-428a-98cd-950281166fb5	1_3_1_1_5_2_2_4	金融市场部_交易性商业银行债投资_非司库_银行账户_10Y	1165795977.4	\N	4421666.631047
1338	3fd8b5a5-0c7a-46fa-bf71-0bcb38870a6e	1_3_1_1_6	金融市场部_交易性金融机构债投资	\N	\N	\N
1339	8d1bc13b-da11-42a2-bbd6-a76c87cdd6a1	1_3_1_1_6_1	金融市场部_交易性金融机构债投资_非司库	\N	\N	\N
1340	c410472a-40f6-498b-8b65-c2788a76d7b8	1_3_1_1_6_1_1	金融市场部_交易性金融机构债投资_非司库_交易账户	\N	\N	\N
1341	e82db40a-1926-4655-b1a7-16a57dbf6937	1_3_1_1_6_1_1_1	金融市场部_交易性金融机构债投资_非司库_交易账户_1Y	\N	\N	\N
1342	00d5c51d-e612-4f8b-9362-43ad7154ab61	1_3_1_1_6_1_1_2	金融市场部_交易性金融机构债投资_非司库_交易账户_3Y	\N	\N	\N
1343	b102ba18-5ff9-4479-b202-9d6e8e133738	1_3_1_1_6_1_1_3	金融市场部_交易性金融机构债投资_非司库_交易账户_5Y	\N	\N	\N
1344	8d554a7f-9fcc-4ffc-8846-0c961acf0105	1_3_1_1_6_1_1_4	金融市场部_交易性金融机构债投资_非司库_交易账户_10Y	\N	\N	\N
1345	b3fb6cfa-7162-41ab-a065-fdd497f513e5	1_3_1_1_6_1_2	金融市场部_交易性金融机构债投资_非司库_银行账户	\N	\N	\N
1346	caa558f9-0a8a-4efa-a580-4f8db78880fa	1_3_1_1_6_1_2_1	金融市场部_交易性金融机构债投资_非司库_银行账户_1Y	\N	\N	\N
1347	34abc1dc-817c-4d12-9601-a80eda993c67	1_3_1_1_6_1_2_2	金融市场部_交易性金融机构债投资_非司库_银行账户_3Y	\N	\N	\N
1348	ec150e50-c34d-4f85-924e-f0659d2bd72e	1_3_1_1_6_1_2_3	金融市场部_交易性金融机构债投资_非司库_银行账户_5Y	\N	\N	\N
1349	2ba78112-a2d6-481a-a265-48d629137145	1_3_1_1_6_1_2_4	金融市场部_交易性金融机构债投资_非司库_银行账户_10Y	\N	\N	\N
1350	5bccf65f-e3ce-4721-9752-3fadacaa51cc	1_3_1_1_7	金融市场部_交易性公司债投资	574520754.66	444454079.18	2743780.61199
1351	a2dc2293-504f-4d5c-85e8-3fb203285457	1_3_1_1_7_1	金融市场部_交易性公司债投资_非司库	574520754.66	444454079.18	2743780.61199
1352	baa995c1-766e-46be-b5c9-4e0a6e5e142f	1_3_1_1_7_1_1	金融市场部_交易性公司债投资_非司库_交易账户	514383362.88	444454079.18	2604480.623337
1353	ccaead82-1907-4f91-be4c-50d369106cf1	1_3_1_1_7_1_1_1	金融市场部_交易性公司债投资_非司库_交易账户_1Y	253920938.22	181678089.67	988688.920037
1354	fe0549e4-b910-4e75-9b54-ac8186bacbcb	1_3_1_1_7_1_1_2	金融市场部_交易性公司债投资_非司库_交易账户_3Y	260462424.66	253419956.9	1582516.70517
1355	b568b2ee-73f2-4a85-8737-e1a5e42263ba	1_3_1_1_7_1_1_3	金融市场部_交易性公司债投资_非司库_交易账户_5Y	\N	2258366.42	9488.884731
1356	39ccebb9-e7ac-48e9-bf7a-61934098457d	1_3_1_1_7_1_1_4	金融市场部_交易性公司债投资_非司库_交易账户_10Y	\N	7097666.2	23786.12722
1357	9d5f77e3-c37c-4af9-91dc-5ecd4c2ceaf4	1_3_1_1_7_1_2	金融市场部_交易性公司债投资_非司库_银行账户	60137391.78	\N	139300.000565
1358	52ec3799-a38b-4c5f-b33f-01e9dcbd20a9	1_3_1_1_7_1_2_1	金融市场部_交易性公司债投资_非司库_银行账户_1Y	60137391.78	\N	139300.000565
1359	2a1650d1-7233-4873-a9c2-9eb2461bf866	1_3_1_1_7_1_2_2	金融市场部_交易性公司债投资_非司库_银行账户_3Y	\N	\N	\N
1360	6d9d068d-492d-4d5b-bddb-423962f8edc6	1_3_1_1_7_1_2_3	金融市场部_交易性公司债投资_非司库_银行账户_5Y	\N	\N	\N
1361	5378d61f-ea91-42a5-ae9b-506f1391a404	1_3_1_1_7_1_2_4	金融市场部_交易性公司债投资_非司库_银行账户_10Y	\N	\N	\N
1362	3935af4a-9872-4e67-947c-52e1d5e9a9b0	1_3_1_1_8	金融市场部_交易性同业存单投资	498946083.33	16095034.95	40640.042731
1363	979f7bc4-e665-4b55-93c3-dabe53143da2	1_3_1_1_8_1	金融市场部_交易性同业存单投资_非司库	498946083.33	16095034.95	40640.042731
1364	bb42dae8-ca3c-4b4b-bf56-b441b17afc48	1_3_1_1_8_1_1	金融市场部_交易性同业存单投资_非司库_交易账户	498946083.33	16095034.95	40640.042731
1365	59b0a19c-7ca7-403f-ba25-d99acd75802c	1_3_1_1_8_1_1_1	金融市场部_交易性同业存单投资_非司库_交易账户_1M	498946083.33	16095034.95	40640.042731
1366	c86a29fd-9061-4417-98e8-7e466e23104a	1_3_1_1_8_1_1_2	金融市场部_交易性同业存单投资_非司库_交易账户_3M	\N	\N	\N
1367	1e7477cc-f64c-48c7-88b8-76a2d3096fde	1_3_1_1_8_1_1_3	金融市场部_交易性同业存单投资_非司库_交易账户_6M	\N	\N	\N
1368	5bf66228-7d0d-4c28-b1a4-87d99d892251	1_3_1_1_8_1_1_4	金融市场部_交易性同业存单投资_非司库_交易账户_1Y	\N	\N	\N
1369	38dd8743-82df-4de9-8e9a-bb690434c32c	1_3_1_1_8_1_2	金融市场部_交易性同业存单投资_非司库_银行账户	\N	\N	\N
1370	f13aea15-14ed-4582-9112-8038b1f7dd28	1_3_1_1_8_1_2_1	金融市场部_交易性同业存单投资_非司库_银行账户_1M	\N	\N	\N
1371	07d06525-199b-41d5-bfee-6c8485fac77c	1_3_1_1_8_1_2_2	金融市场部_交易性同业存单投资_非司库_银行账户_3M	\N	\N	\N
1372	dac344a5-5c1d-4e33-ba61-df0dda9ca511	1_3_1_1_8_1_2_3	金融市场部_交易性同业存单投资_非司库_银行账户_6M	\N	\N	\N
1373	0d20c82d-e329-4b85-b6fb-6fa39cf8aaca	1_3_1_1_8_1_2_4	金融市场部_交易性同业存单投资_非司库_银行账户_1Y	\N	\N	\N
1374	2c1a8cbd-23c7-47bf-9662-1b62b732df7d	1_3_1_1_9	金融市场部_交易性金融资产_其他	14903175100.82	17738055207.71	41279758.624578
1375	7d8ff7f4-4582-4f3b-b5e3-a7c4b85a2a8e	1_3_1_1_9_1	金融市场部_交易性金融资产_其他_非司库	14903175100.82	17738055207.71	41279758.624578
1376	d925816d-eb19-4c78-9e76-9bc864eb7356	1_3_1_1_9_1_1	金融市场部_交易性金融资产_其他_非司库_交易账户	14903175100.82	17738055207.71	41279758.624578
1377	35cb2c0e-52c0-4902-b009-634fba401450	1_3_1_1_9_1_1_1	金融市场部_交易性金融资产_其他_非司库_交易账户_1Y	7571408204.8	10648326075.24	32427258.276363
1378	cd1f1e53-836d-4d2e-b2d2-8ec8d6caab50	1_3_1_1_9_1_1_2	金融市场部_交易性金融资产_其他_非司库_交易账户_3Y	5803873827.01	5613265619.99	8852499.620139
1379	ec8e30f6-44fb-4c1c-9a2f-b4cd84e2951f	1_3_1_1_9_1_1_3	金融市场部_交易性金融资产_其他_非司库_交易账户_5Y	1527893069.01	1476463512.48	\N
1380	5e51077b-d8f6-48f2-a662-b010e2b44848	1_3_1_1_9_1_2	金融市场部_交易性金融资产_其他_非司库_银行账户	\N	\N	\N
1381	7743c7d6-5744-47a9-a7be-bf1111b92065	1_3_1_1_9_1_2_1	金融市场部_交易性金融资产_其他_非司库_银行账户_1Y	\N	\N	\N
1382	80d0f2ea-95df-4231-b934-1ad1184122c8	1_3_1_1_9_1_2_2	金融市场部_交易性金融资产_其他_非司库_银行账户_3Y	\N	\N	\N
1383	91ef522d-2706-4ed6-9d55-9860389380ec	1_3_1_1_9_1_2_3	金融市场部_交易性金融资产_其他_非司库_银行账户_5Y	\N	\N	\N
1384	f884f06a-d2ed-4eb5-91ae-a5febab68d96	1_3_1_2	金融市场部_其他债权投资	4160729104.47	280397783.31	11717828.870173
1385	23c7d4dd-748e-4ee1-a8f7-c009d608688f	1_3_1_2_1	金融市场部_其他债权投资_国债	512161849.32	\N	1405750.462495
1386	39a54b0a-992e-4446-ae96-ac90ca047f5c	1_3_1_2_1_1	金融市场部_其他债权投资_国债_司库	\N	\N	\N
1387	0c67887d-539b-469c-9861-11857a5e1cdf	1_3_1_2_1_1_1	金融市场部_其他债权投资_国债_司库_1Y	\N	\N	\N
1388	e1751fb3-e65d-4d20-aaaf-a7a7fd8f92ac	1_3_1_2_1_1_2	金融市场部_其他债权投资_国债_司库_3Y	\N	\N	\N
1389	439a60ce-9ff8-41c0-88db-b9605996fca9	1_3_1_2_1_1_3	金融市场部_其他债权投资_国债_司库_5Y	\N	\N	\N
1390	50a0a198-2577-4133-9105-71d8964c36dc	1_3_1_2_1_1_4	金融市场部_其他债权投资_国债_司库_10Y	\N	\N	\N
1391	bffadced-7de4-41bb-bc2b-11c72d2a67ea	1_3_1_2_1_2	金融市场部_其他债权投资_国债_非司库	512161849.32	\N	1405750.462495
1392	0919c421-1945-4077-bb5e-8daa97471727	1_3_1_2_1_2_1	金融市场部_其他债权投资_国债_非司库_1Y	\N	\N	\N
1393	358b5436-042f-4fec-bf3e-fbe0a1b95292	1_3_1_2_1_2_2	金融市场部_其他债权投资_国债_非司库_3Y	\N	\N	\N
1394	38821fdc-e076-4aa6-99eb-d381dc813321	1_3_1_2_1_2_3	金融市场部_其他债权投资_国债_非司库_5Y	\N	\N	\N
1395	9b9ed05f-3c1a-4838-ac29-6029a82e80ae	1_3_1_2_1_2_4	金融市场部_其他债权投资_国债_非司库_10Y	512161849.32	\N	1405750.462495
1396	2826aacb-fa36-48c8-856f-fa455e915e4e	1_3_1_2_2	金融市场部_其他债权投资_央票	\N	\N	\N
1397	238224d4-c5ab-4f0d-bcf1-8961214a7240	1_3_1_2_2_1	金融市场部_其他债权投资_央票_司库	\N	\N	\N
1398	8c61ddb9-d016-49be-90e7-93bec1608d01	1_3_1_2_2_1_1	金融市场部_其他债权投资_央票_司库_1Y	\N	\N	\N
1399	834d9bc4-67d3-49d7-be83-9eb5a1237e6f	1_3_1_2_2_1_2	金融市场部_其他债权投资_央票_司库_3Y	\N	\N	\N
1400	d2117e60-48b6-4f1e-b880-cd3f1cbf4a25	1_3_1_2_2_1_3	金融市场部_其他债权投资_央票_司库_5Y	\N	\N	\N
1401	66ae7fbd-1170-4dc2-9b9c-a4128c930027	1_3_1_2_2_1_4	金融市场部_其他债权投资_央票_司库_10Y	\N	\N	\N
1402	9df1a7a0-1ada-41b4-b74e-8e0e993d82b0	1_3_1_2_2_2	金融市场部_其他债权投资_央票_非司库	\N	\N	\N
1403	f6ce3670-d165-43ed-b82c-1facf20f5c7c	1_3_1_2_2_2_1	金融市场部_其他债权投资_央票_非司库_1Y	\N	\N	\N
1404	7560d1d1-b257-4c98-9277-b097f74e71b9	1_3_1_2_2_2_2	金融市场部_其他债权投资_央票_非司库_3Y	\N	\N	\N
1405	e43d7e26-652e-45c7-95ff-9384bab320c9	1_3_1_2_2_2_3	金融市场部_其他债权投资_央票_非司库_5Y	\N	\N	\N
1406	bfa2bc37-a4b4-4520-9d5f-faaf464ba7c1	1_3_1_2_2_2_4	金融市场部_其他债权投资_央票_非司库_10Y	\N	\N	\N
1407	7d5836ea-6573-4b03-8a85-66117e57f7dd	1_3_1_2_3	金融市场部_其他债权投资_地方政府债	467829120.17	\N	1164373.516423
1408	227c0212-6411-4c69-ace7-e0ed73bad206	1_3_1_2_3_1	金融市场部_其他债权投资_地方政府债_司库	\N	\N	\N
1409	698abe6e-6236-4a0d-be25-29328b653944	1_3_1_2_3_1_1	金融市场部_其他债权投资_地方政府债_司库_1Y	\N	\N	\N
1410	47e8ef2a-94f5-4e04-9f1f-4cfc1a5a4497	1_3_1_2_3_1_2	金融市场部_其他债权投资_地方政府债_司库_3Y	\N	\N	\N
1411	e432f35e-4548-4d7b-99f1-410d9479bc95	1_3_1_2_3_1_3	金融市场部_其他债权投资_地方政府债_司库_5Y	\N	\N	\N
1412	2a116a06-fa2e-4fe2-915e-f34b2b7cddf9	1_3_1_2_3_1_4	金融市场部_其他债权投资_地方政府债_司库_10Y	\N	\N	\N
1413	c78165c4-22e0-4efe-8c52-0d87a8b71a3e	1_3_1_2_3_2	金融市场部_其他债权投资_地方政府债_非司库	467829120.17	\N	1164373.516423
1414	d3838d8e-455b-48e5-a94f-9026c1977fac	1_3_1_2_3_2_1	金融市场部_其他债权投资_地方政府债_非司库_1Y	\N	\N	\N
1415	0e07b3e6-92f7-4059-aea7-05528ae33f36	1_3_1_2_3_2_2	金融市场部_其他债权投资_地方政府债_非司库_3Y	\N	\N	\N
1416	a37f05e1-5f06-4c45-b0e3-40fa1d36b75d	1_3_1_2_3_2_3	金融市场部_其他债权投资_地方政府债_非司库_5Y	\N	\N	\N
1417	651eb7d9-4755-4e62-a8d1-6c02a5b402df	1_3_1_2_3_2_4	金融市场部_其他债权投资_地方政府债_非司库_10Y	467829120.17	\N	1164373.516423
1418	08a65a40-d7b2-44c7-b91e-1a386dfe8dfe	1_3_1_2_4	金融市场部_其他债权投资_政策性金融债	765783645.89	\N	2095637.937777
1419	14127c65-1e30-445f-b565-14eb3a6b80c1	1_3_1_2_4_1	金融市场部_其他债权投资_政策性金融债_司库	\N	\N	\N
1420	3ead3841-1806-4181-a669-e3ed77bcefb5	1_3_1_2_4_1_1	金融市场部_其他债权投资_政策性金融债_司库_1Y	\N	\N	\N
1421	9bd95b7d-9292-4d19-942d-4d83d12fea99	1_3_1_2_4_1_2	金融市场部_其他债权投资_政策性金融债_司库_3Y	\N	\N	\N
1422	0a83c714-0565-4974-b26a-c029ecf951b6	1_3_1_2_4_1_3	金融市场部_其他债权投资_政策性金融债_司库_5Y	\N	\N	\N
1423	8d5e1f4a-8482-44dc-b1fe-74e3881dd6f5	1_3_1_2_4_1_4	金融市场部_其他债权投资_政策性金融债_司库_10Y	\N	\N	\N
1424	02cbd9c4-eae0-4e86-8cda-6adb635fab98	1_3_1_2_4_2	金融市场部_其他债权投资_政策性金融债_非司库	765783645.89	\N	2095637.937777
1425	494a5568-4bb4-4091-ac41-48986144e9b0	1_3_1_2_4_2_1	金融市场部_其他债权投资_政策性金融债_非司库_1Y	\N	\N	\N
1426	d9562a08-d1d2-4f79-9225-9991a0140527	1_3_1_2_4_2_2	金融市场部_其他债权投资_政策性金融债_非司库_3Y	358406273.29	\N	992010.320115
1427	469cba16-6cf4-4290-aea6-cef32550dbfb	1_3_1_2_4_2_3	金融市场部_其他债权投资_政策性金融债_非司库_5Y	304774446.58	\N	802822.303725
1428	9b308155-394e-480b-87d9-89139090d627	1_3_1_2_4_2_4	金融市场部_其他债权投资_政策性金融债_非司库_10Y	102602926.02	\N	300805.308986
1429	808d1d44-4f07-4aac-bfb3-5500456357a5	1_3_1_2_5	金融市场部_其他债权投资_商业银行债	203486341.1	\N	406729.059392
1430	edf6534a-8a66-4006-bded-db1b55d5c572	1_3_1_2_5_1	金融市场部_其他债权投资_商业银行债_司库	\N	\N	\N
1431	b4e5adf4-d05b-4919-95ca-5e3e8dc567a8	1_3_1_2_5_1_1	金融市场部_其他债权投资_商业银行债_司库_1Y	\N	\N	\N
1432	63bb78ff-76a9-4533-91fc-57e5a0bc779c	1_3_1_2_5_1_2	金融市场部_其他债权投资_商业银行债_司库_3Y	\N	\N	\N
1433	117ea8a6-7275-403e-b6dd-a0195729a6a9	1_3_1_2_5_1_3	金融市场部_其他债权投资_商业银行债_司库_5Y	\N	\N	\N
1434	3d9e092c-f03d-48d0-a7aa-f6353e70cf3c	1_3_1_2_5_1_4	金融市场部_其他债权投资_商业银行债_司库_10Y	\N	\N	\N
1435	93e34ed5-7b9d-496f-a994-9427eda1d4cf	1_3_1_2_5_2	金融市场部_其他债权投资_商业银行债_非司库	203486341.1	\N	406729.059392
1436	138171be-4b78-4a06-ad0f-6646755e6f4d	1_3_1_2_5_2_1	金融市场部_其他债权投资_商业银行债_非司库_1Y	\N	\N	\N
1437	f945ec19-3b22-4a0f-bee8-d1655ea47bb0	1_3_1_2_5_2_2	金融市场部_其他债权投资_商业银行债_非司库_3Y	\N	\N	\N
1438	67c04ef5-66a4-4e2e-9ea2-98118ada3944	1_3_1_2_5_2_3	金融市场部_其他债权投资_商业银行债_非司库_5Y	203486341.1	\N	406729.059392
1439	1b29fd78-bb94-40bc-87eb-446e1e317f73	1_3_1_2_5_2_4	金融市场部_其他债权投资_商业银行债_非司库_10Y	\N	\N	\N
1440	19a7ea22-7faf-4893-a421-20664cbc41b1	1_3_1_2_6	金融市场部_其他债权投资_金融机构债	\N	\N	\N
1441	f3ba9af3-d6ee-4b5b-b890-dcdddb334095	1_3_1_2_6_1	金融市场部_其他债权投资_金融机构债_非司库	\N	\N	\N
1442	cde73bc7-5584-424c-80d3-73c308196d25	1_3_1_2_6_1_1	金融市场部_其他债权投资_金融机构债_非司库_1Y	\N	\N	\N
1443	e1da81fc-7fa5-4176-bfcb-7593c5de0a20	1_3_1_2_6_1_2	金融市场部_其他债权投资_金融机构债_非司库_3Y	\N	\N	\N
1444	1935913a-1e3d-4e26-b7cd-5f53c707fb57	1_3_1_2_6_1_3	金融市场部_其他债权投资_金融机构债_非司库_5Y	\N	\N	\N
1445	3a5925aa-9da5-4850-9d4c-aa2101bd76c2	1_3_1_2_6_1_4	金融市场部_其他债权投资_金融机构债_非司库_10Y	\N	\N	\N
1446	8e03b37f-4821-44da-aa2f-4c3cc0446850	1_3_1_2_7	金融市场部_其他债权投资_公司债	529767109.53	\N	2169464.769574
1447	c3d25806-cc37-4375-b3f3-c7823e2d591c	1_3_1_2_7_1	金融市场部_其他债权投资_公司债_非司库	529767109.53	\N	2169464.769574
1448	f36c3b77-e05e-4db3-8a11-3ed300f23aea	1_3_1_2_7_1_1	金融市场部_其他债权投资_公司债_非司库_1Y	289715610.64	\N	1272820.545823
1449	bb173e09-b7e2-426d-a0c8-b5d246eea1f5	1_3_1_2_7_1_2	金融市场部_其他债权投资_公司债_非司库_3Y	240051498.89	\N	896644.223902
1450	3a2ac12f-ab2a-42a8-9470-e028fb3ee4c2	1_3_1_2_7_1_3	金融市场部_其他债权投资_公司债_非司库_5Y	\N	\N	\N
1451	677ff4f6-c17e-42e3-86a2-b5edfa801d28	1_3_1_2_7_1_4	金融市场部_其他债权投资_公司债_非司库_10Y	\N	\N	\N
1452	3239bbc1-a9ab-46d2-b38a-f0db06c12212	1_3_1_2_8	金融市场部_其他债权投资_同业存单债	1477021038.46	280397783.31	4475873.192664
1453	56e3ad13-9e73-442b-ac32-eef6ca4d1903	1_3_1_2_8_1	金融市场部_其他债权投资_同业存单债_非司库	1477021038.46	280397783.31	4475873.192664
1454	87ae0218-f5d2-4684-b179-46fc93b0dba1	1_3_1_2_8_1_1	金融市场部_其他债权投资_同业存单债_非司库_1M	1477021038.46	280397783.31	4475873.192664
1455	7d4cbad0-1cff-46d5-91c9-d721728ee362	1_3_1_2_8_1_2	金融市场部_其他债权投资_同业存单债_非司库_3M	\N	\N	\N
1456	6bd425a9-34c7-4bb1-83be-6eed9aa7abbf	1_3_1_2_8_1_3	金融市场部_其他债权投资_同业存单债_非司库_6M	\N	\N	\N
1457	298f236b-ca2e-4a79-9c75-ef6a2dcdff19	1_3_1_2_8_1_4	金融市场部_其他债权投资_同业存单债_非司库_1Y	\N	\N	\N
1458	2ce6d727-33f0-4e64-ae8d-7b338907f1a9	1_3_1_2_9	金融市场部_其他债权投资_其他	204680000.0	\N	\N
1459	395942f0-f6cd-45de-9036-67527d8d7b3f	1_3_1_2_9_1	金融市场部_其他债权投资_其他_非司库	204680000.0	\N	\N
1460	21f87661-7e0f-4fa4-8870-f71e4e8c4a51	1_3_1_2_9_1_1	金融市场部_其他债权投资_其他_非司库_1Y	204680000.0	\N	\N
1461	24cd513f-9bc4-417f-a7b2-33a4595e6555	1_3_1_2_9_1_2	金融市场部_其他债权投资_其他_非司库_3Y	\N	\N	\N
1462	5ea2c581-c2af-4297-9a63-6584c09f3868	1_3_1_2_9_1_3	金融市场部_其他债权投资_其他_非司库_5Y	\N	\N	\N
1463	e70e87bf-2c71-4cc6-a52f-33f356f0341a	1_3_1_3	金融市场部_债权投资	31392694142.24	89008965.97	120236751.218071
1464	9e7a02ab-b45d-4fe9-b72e-a3cd7c4d1344	1_3_1_3_1	金融市场部_债权投资_国债	\N	\N	\N
1465	643a219b-e21a-4030-acc5-26b0ec6a2a75	1_3_1_3_1_1	金融市场部_债权投资_国债_司库	\N	\N	\N
1466	1e8c1e03-fb5e-4841-bcff-c09643248394	1_3_1_3_1_1_1	金融市场部_债权投资_国债_司库_1Y	\N	\N	\N
1467	21e6504e-42ea-4535-8976-0915331b4319	1_3_1_3_1_1_2	金融市场部_债权投资_国债_司库_3Y	\N	\N	\N
1468	9cb9813f-7a6d-41bc-a45c-d93ef847a612	1_3_1_3_1_1_3	金融市场部_债权投资_国债_司库_5Y	\N	\N	\N
1469	84484de8-196f-4887-87e2-bce74f0d3eb8	1_3_1_3_1_1_4	金融市场部_债权投资_国债_司库_10Y	\N	\N	\N
1470	08cc58c8-6c98-410e-b7df-c11670096f6e	1_3_1_3_1_2	金融市场部_债权投资_国债_非司库	\N	\N	\N
1471	6d5aee87-9c3f-4e0a-b7f0-cd7b660dba8f	1_3_1_3_1_2_1	金融市场部_债权投资_国债_非司库_1Y	\N	\N	\N
1472	5aaa90c9-b35e-4170-87f3-45711ddc252d	1_3_1_3_1_2_2	金融市场部_债权投资_国债_非司库_3Y	\N	\N	\N
1473	e554f85c-42e2-4ffd-b344-4d3bf6fc5cba	1_3_1_3_1_2_3	金融市场部_债权投资_国债_非司库_5Y	\N	\N	\N
1474	2856f47b-75be-4444-af2e-31563e792138	1_3_1_3_1_2_4	金融市场部_债权投资_国债_非司库_10Y	\N	\N	\N
1475	127e658b-f0fd-41ec-bf45-7cf906003204	1_3_1_3_2	金融市场部_债权投资_央票	\N	\N	\N
1476	592f1877-8797-40d9-bc4c-39c2f5431c7d	1_3_1_3_2_1	金融市场部_债权投资_央票_司库	\N	\N	\N
1477	3bcad331-a684-4821-b196-a0c9096feab4	1_3_1_3_2_1_1	金融市场部_债权投资_央票_司库_1Y	\N	\N	\N
1478	87c42b66-86a1-4d76-ae0e-0fa38637acb7	1_3_1_3_2_1_2	金融市场部_债权投资_央票_司库_3Y	\N	\N	\N
1479	09f502a5-5d44-47ab-92e1-64c44d2f9b3d	1_3_1_3_2_1_3	金融市场部_债权投资_央票_司库_5Y	\N	\N	\N
1480	12bee375-f86e-4635-8c05-e86fc2e6767b	1_3_1_3_2_1_4	金融市场部_债权投资_央票_司库_10Y	\N	\N	\N
1481	d216dc00-73f4-4221-a919-501347699827	1_3_1_3_2_2	金融市场部_债权投资_央票_非司库	\N	\N	\N
1482	42b1389d-61aa-4663-b7fc-383cfc5cc3ee	1_3_1_3_2_2_1	金融市场部_债权投资_央票_非司库_1Y	\N	\N	\N
1483	a73e4284-7701-4ebb-8a6d-edbe31d23311	1_3_1_3_2_2_2	金融市场部_债权投资_央票_非司库_3Y	\N	\N	\N
1484	cdd638da-81f1-4826-892c-878f1b8164ed	1_3_1_3_2_2_3	金融市场部_债权投资_央票_非司库_5Y	\N	\N	\N
1485	8eb066b1-d0e9-46de-add9-83e731953fdb	1_3_1_3_2_2_4	金融市场部_债权投资_央票_非司库_10Y	\N	\N	\N
1486	7010db5d-a989-48b9-b82b-28552e4ed379	1_3_1_3_3	金融市场部_债权投资_地方政府债	2819483140.46	\N	7226758.737162
1487	53826e1e-7daf-473b-b4eb-ea409b513aa4	1_3_1_3_3_1	金融市场部_债权投资_地方政府债_司库	\N	\N	\N
1488	ab2033fc-afac-4408-a35b-793177e411e6	1_3_1_3_3_1_1	金融市场部_债权投资_地方政府债_司库_1Y	\N	\N	\N
1489	f3adce6c-380c-44b5-9172-f5bde6b183ae	1_3_1_3_3_1_2	金融市场部_债权投资_地方政府债_司库_3Y	\N	\N	\N
1490	6f7f76ee-eb6f-4522-82a1-f237f46df160	1_3_1_3_3_1_3	金融市场部_债权投资_地方政府债_司库_5Y	\N	\N	\N
1491	9d42aa20-5527-4e85-a138-baecafc76330	1_3_1_3_3_1_4	金融市场部_债权投资_地方政府债_司库_10Y	\N	\N	\N
1492	86cc4f4c-825c-47fb-9e4f-360533c54cb3	1_3_1_3_3_2	金融市场部_债权投资_地方政府债_非司库	2819483140.46	\N	7226758.737162
1493	5d5cf756-cfb4-4811-9e53-d72a33ec4318	1_3_1_3_3_2_1	金融市场部_债权投资_地方政府债_非司库_1Y	\N	\N	\N
1494	d4e766bd-cec3-424d-8bec-dd543ed97d8b	1_3_1_3_3_2_2	金融市场部_债权投资_地方政府债_非司库_3Y	30671221.68	\N	69676.766352
1495	14502613-7e34-422e-81ff-6ad016f1d333	1_3_1_3_3_2_3	金融市场部_债权投资_地方政府债_非司库_5Y	\N	\N	\N
1496	0807dd41-f14a-40bc-a62e-91ed6f0d144a	1_3_1_3_3_2_4	金融市场部_债权投资_地方政府债_非司库_10Y	2788811918.78	\N	7157082.069271
1497	29d05138-0d27-44bf-8935-d540bf701ebe	1_3_1_3_4	金融市场部_债权投资_政策性金融债	12727963893.62	\N	36213190.454312
1498	b2c68e56-5ddb-449c-8a99-377dae8a0efd	1_3_1_3_4_1	金融市场部_债权投资_政策性金融债_司库	\N	\N	\N
1499	b66af5e2-a9b9-4336-b4f6-4337ec445b71	1_3_1_3_4_1_1	金融市场部_债权投资_政策性金融债_司库_1Y	\N	\N	\N
1500	69a7782c-6dce-4426-9096-73b58e21f123	1_3_1_3_4_1_2	金融市场部_债权投资_政策性金融债_司库_3Y	\N	\N	\N
1501	2d14072e-38b7-4bb9-a699-cce7af5a9fe1	1_3_1_3_4_1_3	金融市场部_债权投资_政策性金融债_司库_5Y	\N	\N	\N
1502	d02ea265-a011-462f-9fd5-d98c46405f9c	1_3_1_3_4_1_4	金融市场部_债权投资_政策性金融债_司库_10Y	\N	\N	\N
1503	e385191b-cc35-464c-84e2-c4b86a89afc9	1_3_1_3_4_2	金融市场部_债权投资_政策性金融债_非司库	12727963893.62	\N	36213190.454312
1504	37a6ad1f-a522-4dd3-bb62-b9390acb73b5	1_3_1_3_4_2_1	金融市场部_债权投资_政策性金融债_非司库_1Y	\N	\N	\N
1505	caab0395-36a0-4ef0-aae5-2cd375651a26	1_3_1_3_4_2_2	金融市场部_债权投资_政策性金融债_非司库_3Y	\N	\N	\N
1506	b849c16b-93dd-47b0-bfc7-82f3301378ce	1_3_1_3_4_2_3	金融市场部_债权投资_政策性金融债_非司库_5Y	174734685.46	\N	495135.504996
1507	55a2debd-a780-42e9-9388-ab7ea05043d9	1_3_1_3_4_2_4	金融市场部_债权投资_政策性金融债_非司库_10Y	12553229208.16	\N	35718054.755567
1508	9e71ad0a-2b30-4a2f-8140-71aaf0162696	1_3_1_3_5	金融市场部_债权投资_商业银行债	1394012123.33	\N	4387113.76041
1509	52f4ac84-bde3-4c84-b820-d7bdcd7b5c64	1_3_1_3_5_1	金融市场部_债权投资_商业银行债_司库	\N	\N	\N
1510	dd04395c-bf78-476d-919a-9cc5c07648ea	1_3_1_3_5_1_1	金融市场部_债权投资_商业银行债_司库_1Y	\N	\N	\N
1511	fea833f9-b363-447b-af11-ee2658826de0	1_3_1_3_5_1_2	金融市场部_债权投资_商业银行债_司库_3Y	\N	\N	\N
1512	b60bff25-43d7-440e-9178-542168b1b5d0	1_3_1_3_5_1_3	金融市场部_债权投资_商业银行债_司库_5Y	\N	\N	\N
1513	26fb5b7a-66d1-434e-8080-df9105a04f4d	1_3_1_3_5_1_4	金融市场部_债权投资_商业银行债_司库_10Y	\N	\N	\N
1514	a4f48080-aab2-4393-83a1-3c7b2bcc5c00	1_3_1_3_5_2	金融市场部_债权投资_商业银行债_非司库	1394012123.33	\N	4387113.76041
1515	62bb494a-8a2e-4963-9d7c-22fabe5ea857	1_3_1_3_5_2_1	金融市场部_债权投资_商业银行债_非司库_1Y	\N	\N	\N
1516	6e953148-c5a0-481e-a448-ea8d591fbd11	1_3_1_3_5_2_2	金融市场部_债权投资_商业银行债_非司库_3Y	647891821.44	\N	1979117.010861
1517	e351f24a-34f0-4b71-b154-b906ff5e8851	1_3_1_3_5_2_3	金融市场部_债权投资_商业银行债_非司库_5Y	746120301.89	\N	2407996.822083
1518	48641ed7-4d6d-4441-bfb8-dcdad64b28dc	1_3_1_3_5_2_4	金融市场部_债权投资_商业银行债_非司库_10Y	\N	\N	\N
1519	693edb71-9e50-41d5-8809-23889f846e8a	1_3_1_3_6	金融市场部_债权投资_金融机构债	712089972.64	\N	2656374.285762
1520	6338aacd-cd70-42d5-8e9e-6448b72ce452	1_3_1_3_6_1	金融市场部_债权投资_金融机构债_非司库	712089972.64	\N	2656374.285762
1521	cf6eedf6-6148-4d2c-a653-99390f17660e	1_3_1_3_6_1_1	金融市场部_债权投资_金融机构债_非司库_1Y	95692494.69	\N	439732.270144
1522	a3fead7d-de2c-4f56-9798-f031b8f11de4	1_3_1_3_6_1_2	金融市场部_债权投资_金融机构债_非司库_3Y	409904602.62	\N	1533327.026219
1523	97024b25-3454-4f3c-b3e0-bda47bde4f93	1_3_1_3_6_1_3	金融市场部_债权投资_金融机构债_非司库_5Y	206492875.33	\N	683315.011809
1524	7aca4de2-a2d4-40d5-ac09-0551f9258eaa	1_3_1_3_6_1_4	金融市场部_债权投资_金融机构债_非司库_10Y	\N	\N	\N
1525	1ebb536a-ba16-4f17-bb9a-0342a62ddf82	1_3_1_3_7	金融市场部_债权投资_公司债	13582656562.27	89008965.97	68134523.644803
1526	83f60a60-44d4-4f34-a04a-760e707e596a	1_3_1_3_7_1	金融市场部_债权投资_公司债_非司库	13582656562.27	89008965.97	68134523.644803
1527	5ae40a90-ff6d-4d9d-9643-38e78e6c0238	1_3_1_3_7_1_1	金融市场部_债权投资_公司债_非司库_1Y	695958975.35	89008965.97	2636151.985829
1528	6e5c2548-3986-4534-9ef5-f1ecef642796	1_3_1_3_7_1_2	金融市场部_债权投资_公司债_非司库_3Y	2173022930.79	\N	10533636.542598
1529	4e078341-9bb3-4045-8bb2-67a8b2164917	1_3_1_3_7_1_3	金融市场部_债权投资_公司债_非司库_5Y	2722682759.34	\N	9032785.389855
1530	33267c7c-45da-436e-9b74-1aae7de90f62	1_3_1_3_7_1_4	金融市场部_债权投资_公司债_非司库_10Y	7990991896.79	\N	46621444.28928
1531	309350f7-0efa-4c29-968d-4b2114f25b67	1_3_1_3_8	金融市场部_债权投资_同业存单债	\N	\N	\N
1532	937008d0-927e-45a3-8f98-b77a3cc35142	1_3_1_3_8_1	金融市场部_债权投资_同业存单债_非司库	\N	\N	\N
1533	eff056f8-a404-41f6-8ef9-d816ded0b80f	1_3_1_3_8_1_1	金融市场部_债权投资_同业存单债_非司库_1M	\N	\N	\N
1534	4c34fd9a-6c5c-45ba-b4d8-194c8368e787	1_3_1_3_8_1_2	金融市场部_债权投资_同业存单债_非司库_3M	\N	\N	\N
1535	00d1cc9c-c290-4bdf-8d56-8cddf9410d40	1_3_1_3_8_1_3	金融市场部_债权投资_同业存单债_非司库_6M	\N	\N	\N
1536	1e543c00-93ce-46c0-89e3-660e97449f64	1_3_1_3_8_1_4	金融市场部_债权投资_同业存单债_非司库_1Y	\N	\N	\N
1537	4d4b9715-912a-4899-a019-23820dfd363e	1_3_1_3_9	金融市场部_债权投资_其他	156488449.92	\N	938590.927225
1538	5169ef3f-5812-42e6-94fa-978c87c19b6f	1_3_1_3_9_1	金融市场部_债权投资_其他_非司库	156488449.92	\N	938590.927225
1539	acae2332-2629-41b6-bb1e-f700362917b3	1_3_1_3_9_1_1	金融市场部_债权投资_其他_非司库_1Y	156488449.92	\N	938590.927225
1540	9cad0a0e-9adf-4528-9008-5ae906487501	1_3_1_3_9_1_2	金融市场部_债权投资_其他_非司库_3Y	\N	\N	\N
1541	b8ad3a64-ecc7-4652-a519-00944bc70706	1_3_1_3_9_1_3	金融市场部_债权投资_其他_非司库_5Y	\N	\N	\N
1542	76ddd4d6-ce8e-46d8-ba67-1f2c9828541d	1_3_1_4	金融市场部_其他权益工具投资	\N	\N	\N
1543	cf49a981-cb77-47b3-a09b-db608e7958bc	1_3_1_4_1	金融市场部_其他权益工具投资_司库_5Y	\N	\N	\N
1544	093b9a5e-31d2-4ab8-8cd2-25f5379a7acc	1_3_1_4_2	金融市场部_其他权益工具投资_非司库_5Y	\N	\N	\N
1545	c79d2102-eacf-42fe-bb99-050ebaad53a9	1_3_2	投资银行部投资	56257815935.59	6039745102.0	269315074.549169
1546	e444383a-a40b-4b83-80d2-c10ee7e23a91	1_3_2_1	投资银行部_交易性金融资产	10532109378.66	6039745102.0	18706619.256925
1547	6fcf68b7-8a33-45c5-aa81-9c45884592a6	1_3_2_1_1	投资银行部_交易性政策性金融债投资	\N	\N	\N
1548	d1b3c99d-d07f-4cce-a9f1-c5ba8d604038	1_3_2_1_1_1	投资银行部_交易性政策性金融债投资_交易账户	\N	\N	\N
1549	0a83af52-800d-40c6-baef-971b926321a4	1_3_2_1_1_1_1	投资银行部_交易性政策性金融债投资_交易账户_1Y	\N	\N	\N
1550	46fd271e-cf54-4d16-9eb5-a8678aeceadc	1_3_2_1_1_1_2	投资银行部_交易性政策性金融债投资_交易账户_3Y	\N	\N	\N
1551	11072538-40cb-424f-b205-531fd952aa70	1_3_2_1_1_1_3	投资银行部_交易性政策性金融债投资_交易账户_5Y	\N	\N	\N
1552	57a797f6-1d91-4e28-8ffa-21f8743fcc5a	1_3_2_1_1_1_4	投资银行部_交易性政策性金融债投资_交易账户_10Y	\N	\N	\N
1553	2dca8658-2211-4e70-852c-acd35a5486da	1_3_2_1_1_2	投资银行部_交易性政策性金融债投资_银行账户	\N	\N	\N
1554	80c91a1f-22c8-4712-b2ae-883aefdfaac6	1_3_2_1_1_2_1	投资银行部_交易性政策性金融债投资_银行账户_1Y	\N	\N	\N
1555	f1d12a98-284f-4ed5-952d-25c2eef83e8b	1_3_2_1_1_2_2	投资银行部_交易性政策性金融债投资_银行账户_3Y	\N	\N	\N
1556	d1e2a5c9-797a-46f4-b231-3d623fd223ed	1_3_2_1_1_2_3	投资银行部_交易性政策性金融债投资_银行账户_5Y	\N	\N	\N
1557	97f9eb69-963b-4d69-a60b-10a737802e2f	1_3_2_1_1_2_4	投资银行部_交易性政策性金融债投资_银行账户_10Y	\N	\N	\N
1558	ea869b86-494e-4f08-9720-ddd305615dd2	1_3_2_1_2	投资银行部_交易性商业银行债投资	\N	\N	\N
1559	3ae54ac2-ecb2-4378-981c-e9e9a2bc686e	1_3_2_1_2_1	投资银行部_交易性商业银行债投资_交易账户	\N	\N	\N
1560	c355426e-c9a7-4875-a847-d20830bbb3d7	1_3_2_1_2_1_1	投资银行部_交易性商业银行债投资_交易账户_1Y	\N	\N	\N
1561	d0d7b7a2-50e2-4ddc-98cd-b5236a03b243	1_3_2_1_2_1_2	投资银行部_交易性商业银行债投资_交易账户_3Y	\N	\N	\N
1562	e2fdc349-c2df-453e-b298-c4f0ccceee1c	1_3_2_1_2_1_3	投资银行部_交易性商业银行债投资_交易账户_5Y	\N	\N	\N
1563	ac690cf7-4a91-4e76-b62f-d11367177d87	1_3_2_1_2_1_4	投资银行部_交易性商业银行债投资_交易账户_10Y	\N	\N	\N
1564	0d261e7a-a208-4212-ac1b-5b2dceddcc62	1_3_2_1_2_2	投资银行部_交易性商业银行债投资_银行账户	\N	\N	\N
1565	c8a26fb2-ef3e-489b-a6bd-c16235471e72	1_3_2_1_2_2_1	投资银行部_交易性商业银行债投资_银行账户_1Y	\N	\N	\N
1566	cefbc2b0-1669-4ddf-9bac-32c8d22f54f1	1_3_2_1_2_2_2	投资银行部_交易性商业银行债投资_银行账户_3Y	\N	\N	\N
1567	0e4e8002-41ca-46af-a249-ad9aafa62ddb	1_3_2_1_2_2_3	投资银行部_交易性商业银行债投资_银行账户_5Y	\N	\N	\N
1568	e1669d62-1897-4f0a-a410-cbb9197eb724	1_3_2_1_2_2_4	投资银行部_交易性商业银行债投资_银行账户_10Y	\N	\N	\N
1569	ebc565da-0e4e-4713-919f-876623c808e0	1_3_2_1_3	投资银行部_交易性金融机构债投资	4303377.4	4168502.21	\N
1570	d1071465-a600-4668-a677-f560bda25770	1_3_2_1_3_1	投资银行部_交易性金融机构债投资_交易账户	4303377.4	4168502.21	\N
1571	ec943b89-676c-4d35-9848-0deebf95488c	1_3_2_1_3_1_1	投资银行部_交易性金融机构债投资_交易账户_1Y	4303377.4	4168502.21	\N
1572	d80bb0c1-b81a-49cf-8f6a-a37e089f812a	1_3_2_1_3_1_2	投资银行部_交易性金融机构债投资_交易账户_3Y	\N	\N	\N
1573	77a39182-e42c-4717-b980-a1c46a4cec3b	1_3_2_1_3_1_3	投资银行部_交易性金融机构债投资_交易账户_5Y	\N	\N	\N
1574	ae5e3d27-2a6a-41da-a97e-f84f2dd6c049	1_3_2_1_3_1_4	投资银行部_交易性金融机构债投资_交易账户_10Y	\N	\N	\N
1575	e2f09d6f-5e56-4a63-b8c0-4caac9fb4219	1_3_2_1_3_2	投资银行部_交易性金融机构债投资_银行账户	\N	\N	\N
1576	895cfa20-22ad-4dd4-a8bc-f62b675f1601	1_3_2_1_3_2_1	投资银行部_交易性金融机构债投资_银行账户_1Y	\N	\N	\N
1577	a398db8e-4331-4067-b177-ed56df17eb68	1_3_2_1_3_2_2	投资银行部_交易性金融机构债投资_银行账户_3Y	\N	\N	\N
1578	6e42a4b1-f2e2-4137-b683-dca648e2a1a6	1_3_2_1_3_2_3	投资银行部_交易性金融机构债投资_银行账户_5Y	\N	\N	\N
1579	cc807ae9-ed2e-4620-bbb8-2c01219b5e2e	1_3_2_1_3_2_4	投资银行部_交易性金融机构债投资_银行账户_10Y	\N	\N	\N
1580	68313039-a707-4e85-970d-ed460d513038	1_3_2_1_4	投资银行部_交易性公司债投资	2263808260.51	2191236695.78	12396333.460199
1581	5ee6fb90-8ac0-47f5-97f8-c757b9881710	1_3_2_1_4_1	投资银行部_交易性公司债投资_交易账户	2263808260.51	2191236695.78	12396333.460199
1582	9d9c51af-f9b2-4763-b21a-983469590667	1_3_2_1_4_1_1	投资银行部_交易性公司债投资_交易账户_1Y	727863188.01	703796489.81	4206750.005088
1583	c365e180-91e4-4b06-a1ed-9573068ed7ad	1_3_2_1_4_1_2	投资银行部_交易性公司债投资_交易账户_3Y	1535945072.5	1487440205.97	8189583.435077
1584	e2cc3f9e-3b73-4580-b5c1-98851a139597	1_3_2_1_4_1_3	投资银行部_交易性公司债投资_交易账户_5Y	\N	\N	\N
1585	09adced1-b929-4e2a-931c-46ca2f8012d3	1_3_2_1_4_1_4	投资银行部_交易性公司债投资_交易账户_10Y	\N	\N	\N
1586	e46824f7-e985-4c0a-9c23-821a742a54ad	1_3_2_1_4_2	投资银行部_交易性公司债投资_银行账户	\N	\N	\N
1587	a61f6080-b1ad-4bb2-849e-39338c6880b9	1_3_2_1_4_2_1	投资银行部_交易性公司债投资_银行账户_1Y	\N	\N	\N
1588	73543db6-e5b9-4f00-af76-38e626acd399	1_3_2_1_4_2_2	投资银行部_交易性公司债投资_银行账户_3Y	\N	\N	\N
1589	f7ae533c-8c7b-48d1-a70e-2d33f626e0ff	1_3_2_1_4_2_3	投资银行部_交易性公司债投资_银行账户_5Y	\N	\N	\N
1590	c9916c76-9372-40e2-892e-447feaa4ec96	1_3_2_1_4_2_4	投资银行部_交易性公司债投资_银行账户_10Y	\N	\N	\N
1591	aa588812-4d17-43db-861e-4ba7ce763765	1_3_2_1_5	投资银行部_交易性信托	510000000.0	\N	3581900.46775
1592	7a9f881b-1cbd-49c6-b0d3-855036153aeb	1_3_2_1_5_1	投资银行部_交易性信托_1Y	\N	\N	\N
1593	5bef47b4-dfb0-4a85-9a8b-bb933cdde24f	1_3_2_1_5_2	投资银行部_交易性信托_3Y	510000000.0	\N	3581900.46775
1594	fe390cfb-d2d2-4df7-93a9-7dad8cab3899	1_3_2_1_5_3	投资银行部_交易性信托_5Y	\N	\N	\N
1595	5e71fb95-4b0f-477b-82e7-1d40c708cdff	1_3_2_1_6	投资银行部_交易性资管计划	1775109005.18	\N	8231931.068526
1596	256b5796-2c42-4139-a204-43db784ead66	1_3_2_1_6_1	投资银行部_交易性资管计划_1Y	559040536.87	\N	1744803.858924
1597	1a6ff409-f2ca-4b4b-bd20-d89deb092d6a	1_3_2_1_6_2	投资银行部_交易性资管计划_3Y	519624781.39	\N	3280432.04243
1598	ad223f43-bb4c-437f-a2eb-aa04539b0ab0	1_3_2_1_6_3	投资银行部_交易性资管计划_5Y	696443686.92	\N	3327500.012334
1599	5e3bac58-00b1-446d-861d-02daebfb81ae	1_3_2_1_7	投资银行部_交易性债权融资计划	\N	\N	\N
1600	b193abd7-e804-40dc-929d-0fbe95fb055c	1_3_2_1_7_1	投资银行部_交易性债权融资计划_1Y	\N	\N	\N
1601	ad8c220f-1e38-4fdc-9c47-e1186fd08d47	1_3_2_1_7_2	投资银行部_交易性债权融资计划_3Y	\N	\N	\N
1602	c52cec1c-bac2-4ad2-99cc-ab899fa40918	1_3_2_1_7_3	投资银行部_交易性债权融资计划_5Y	\N	\N	\N
1603	a1b09e12-8ded-4990-8942-c0e7a2d6e567	1_3_2_1_8	投资银行部_交易性私募基金	200394619.5	\N	1144004.589261
1604	99ff7c73-3fcb-406e-b3f4-ab8ff3aa987e	1_3_2_1_8_1	投资银行部_交易性私募基金_1Y	\N	\N	\N
1605	6aa2b771-7bdc-4f43-b527-a7eb5a479197	1_3_2_1_8_2	投资银行部_交易性私募基金_3Y	\N	\N	\N
1606	a0259a82-f21f-47fc-be1c-28e6fa3a3a46	1_3_2_1_8_3	投资银行部_交易性私募基金_5Y	200394619.5	\N	1144004.589261
1607	736fac97-f322-4ffb-b143-3abb20d3b796	1_3_2_1_9	投资银行部_交易性公募基金	\N	\N	\N
1608	c179693b-9f8b-4674-9797-d83dc8f65165	1_3_2_1_9_1	投资银行部_交易性公募基金_3Y	\N	\N	\N
1609	25277dc1-a19f-4e94-8eb5-d1798a08c5bb	1_3_2_1_10	投资银行部_交易性融资租赁	\N	\N	\N
1610	d82e2f59-019b-434d-a7d0-914fb5642132	1_3_2_1_10_1	投资银行部_交易性融资租赁_1Y	\N	\N	\N
1611	3e5efb35-67d8-4fb3-92f5-1407e60a0a86	1_3_2_1_10_2	投资银行部_交易性融资租赁_3Y	\N	\N	\N
1612	b6a7e207-7685-4c44-a119-98493c2f665a	1_3_2_1_10_3	投资银行部_交易性融资租赁_5Y	\N	\N	\N
1613	be6c7a52-b14e-4b05-b3dd-0a98747c4d5f	1_3_2_1_11	投资银行部_交易性金融资产_资产证券化产品	\N	\N	\N
1614	9599e9c4-c31d-43ba-a1ad-85971fdd5921	1_3_2_1_11_1	投资银行部_交易性金融资产_资产证券化产品_1Y	\N	\N	\N
1615	955386ff-1e40-45e6-a7b9-3c63a6ee63f9	1_3_2_1_11_2	投资银行部_交易性金融资产_资产证券化产品_3Y	\N	\N	\N
1616	f072ade3-062e-4870-bbf1-528d7a2500bc	1_3_2_1_11_3	投资银行部_交易性金融资产_资产证券化产品_5Y	\N	\N	\N
1617	3ad381f1-ad61-46ef-89e7-fa1ae01067e1	1_3_2_1_12	投资银行部_交易性其他资产	5778494116.07	3844339904.01	-5522119.327552
1618	6d934865-1c78-41c0-8ecc-965ba83e3cff	1_3_2_1_12_1	投资银行部_交易性其他资产_1Y	5075185185.62	3844339904.01	-5600184.060698
1619	409c50e6-1657-4ad0-b5aa-06445c19dd95	1_3_2_1_12_2	投资银行部_交易性其他资产_3Y	403188930.45	\N	\N
1620	bc10a32c-8be5-4477-8346-f8218bb4c112	1_3_2_1_12_3	投资银行部_交易性其他资产_5Y	300120000.0	\N	121666.667387
1621	a565058f-0ac2-4361-9549-e443baa980b3	1_3_2_2	投资银行部_其他债权投资	\N	\N	\N
1622	9a0412ff-5050-4f2c-854d-a97173142703	1_3_2_2_1	投资银行部_其他债权投资_商业银行债	\N	\N	\N
1623	0d3a05b1-e71f-445f-9baa-e4356455936e	1_3_2_2_1_1	投资银行部_其他债权投资_商业银行债_1Y	\N	\N	\N
1624	0a03ed24-73de-4fbb-a2b4-68726cca31f7	1_3_2_2_1_2	投资银行部_其他债权投资_商业银行债_3Y	\N	\N	\N
1625	3ec637ad-768d-4fff-b3bc-a10349e48c62	1_3_2_2_1_3	投资银行部_其他债权投资_商业银行债_5Y	\N	\N	\N
1626	6f3d8fa6-35bb-4d9d-9ec8-84b4e96fc8ba	1_3_2_2_1_4	投资银行部_其他债权投资_商业银行债_10Y	\N	\N	\N
1627	3b2b2ca9-73fe-4e3a-869f-76fc98de7ac1	1_3_2_2_2	投资银行部_其他债权投资_金融机构债	\N	\N	\N
1628	720c3da9-9f5f-45c5-851f-c9e897c5f446	1_3_2_2_2_1	投资银行部_其他债权投资_金融机构债_1Y	\N	\N	\N
1629	e11d27ec-be49-4ec2-8370-3fd9afcece2d	1_3_2_2_2_2	投资银行部_其他债权投资_金融机构债_3Y	\N	\N	\N
1630	dbebe36a-0073-4a02-b048-f529113eccec	1_3_2_2_2_3	投资银行部_其他债权投资_金融机构债_5Y	\N	\N	\N
1631	108d3439-f3d0-4a0d-b787-eae5b402c4b2	1_3_2_2_2_4	投资银行部_其他债权投资_金融机构债_10Y	\N	\N	\N
1632	6b5be9c0-663c-4e53-967a-d72c54319b05	1_3_2_2_3	投资银行部_其他债权投资_公司债	\N	\N	\N
1633	e3ca4e89-8bcf-4ce0-b4c4-bdccad00a2d5	1_3_2_2_3_1	投资银行部_其他债权投资_公司债_1Y	\N	\N	\N
1634	66488a00-d009-46fe-a823-2bd0878bd447	1_3_2_2_3_2	投资银行部_其他债权投资_公司债_3Y	\N	\N	\N
1635	bce62f2a-371d-4388-a117-9f9920b291f4	1_3_2_2_3_3	投资银行部_其他债权投资_公司债_5Y	\N	\N	\N
1636	06285ff8-0e14-4009-b476-cbaf30d0c831	1_3_2_2_3_4	投资银行部_其他债权投资_公司债_10Y	\N	\N	\N
1637	1f034434-9fd6-49ba-9ca1-a78bc7fd05e1	1_3_2_2_4	投资银行部_其他债权投资_信托	\N	\N	\N
1638	e2b676f8-cdea-4358-b811-fb6ff7214421	1_3_2_2_4_1	投资银行部_其他债权投资_信托_1Y	\N	\N	\N
1639	58c51413-6bf9-4032-950b-40cf6cf4287b	1_3_2_2_4_2	投资银行部_其他债权投资_信托_3Y	\N	\N	\N
1640	fd72f643-eb27-4aee-be95-c117c6e270bd	1_3_2_2_4_3	投资银行部_其他债权投资_信托_5Y	\N	\N	\N
1641	b7aef88b-3e22-43ec-b12c-5ab7b2c994cb	1_3_2_2_5	投资银行部_其他债权投资_资管计划	\N	\N	\N
1642	e5b7e297-f849-4b88-99ac-c090f37305fa	1_3_2_2_5_1	投资银行部_其他债权投资_资管计划_1Y	\N	\N	\N
1643	ab8bdf97-83e5-420a-a4be-ca3cd641205d	1_3_2_2_5_2	投资银行部_其他债权投资_资管计划_3Y	\N	\N	\N
1644	c5def106-4cbb-489b-ad93-76c80000e38d	1_3_2_2_5_3	投资银行部_其他债权投资_资管计划_5Y	\N	\N	\N
1645	35bdadac-0654-431f-8c70-79578f10f626	1_3_2_2_6	投资银行部_其他债权投资_债权融资计划	\N	\N	\N
1646	7171aa2c-4811-4155-acad-d214ae132d4a	1_3_2_2_6_1	投资银行部_其他债权投资_债权融资计划_1Y	\N	\N	\N
1647	16ec24f2-1679-472f-9165-b026e4549c7a	1_3_2_2_6_2	投资银行部_其他债权投资_债权融资计划_3Y	\N	\N	\N
1648	554a1376-d68b-4030-a477-04a62d6f8990	1_3_2_2_6_3	投资银行部_其他债权投资_债权融资计划_5Y	\N	\N	\N
1649	86a55162-26c6-49a7-97c0-3afef34b910a	1_3_2_2_7	投资银行部_其他债权投资_私募基金	\N	\N	\N
1650	332ba961-7f9a-4ae6-939a-f39bedcb1c10	1_3_2_2_7_1	投资银行部_其他债权投资_私募基金_1Y	\N	\N	\N
1651	1e0c5ad1-5aec-4f7a-890f-8b77e302650c	1_3_2_2_7_2	投资银行部_其他债权投资_私募基金_3Y	\N	\N	\N
1652	1fa29cc4-7a6d-43ef-8f92-75aafb5f3663	1_3_2_2_7_3	投资银行部_其他债权投资_私募基金_5Y	\N	\N	\N
1653	9328078b-562a-47b5-8b6d-23b9f05625dd	1_3_2_2_8	投资银行部_其他债权投资_公募基金	\N	\N	\N
1654	2cc92dd2-e099-47cb-bffa-7fe9c483ed61	1_3_2_2_8_1	投资银行部_其他债权投资_公募基金_3Y	\N	\N	\N
1655	e55f9c03-9073-4814-828e-faededa53cc2	1_3_2_2_9	投资银行部_其他债权投资_融资租赁	\N	\N	\N
1656	810dd137-404a-41bd-9a96-272070b9f1f4	1_3_2_2_9_1	投资银行部_其他债权投资_融资租赁_1Y	\N	\N	\N
1657	3f18846b-9e9a-466e-b0cd-1848e853d51f	1_3_2_2_9_2	投资银行部_其他债权投资_融资租赁_3Y	\N	\N	\N
1658	4596f1ff-61b5-46a7-86fb-2de62d008a35	1_3_2_2_9_3	投资银行部_其他债权投资_融资租赁_5Y	\N	\N	\N
1659	0b684344-589a-4f2d-8c45-ab721022998b	1_3_2_2_10	投资银行部_其他债权投资_其他	\N	\N	\N
1660	420e39aa-9e8d-42d2-ab29-66551bdf44b8	1_3_2_2_10_1	投资银行部_其他债权投资_其他_1Y	\N	\N	\N
1661	019b915c-52e4-437b-9f4e-768854915aae	1_3_2_2_10_2	投资银行部_其他债权投资_其他_3Y	\N	\N	\N
1662	49c7ee49-776b-4221-96dc-35f314936879	1_3_2_2_10_3	投资银行部_其他债权投资_其他_5Y	\N	\N	\N
1663	90cff276-ee41-40f2-87c9-ee4dea94ed3b	1_3_2_3	投资银行部_债权投资	45715426189.02	\N	252709813.385716
1664	752f2ce6-8f8b-49fd-953f-ded0f17e8c69	1_3_2_3_1	投资银行部_债权投资_商业银行债	\N	\N	\N
1665	ca6dd74d-7d15-4204-b171-3750312da23d	1_3_2_3_1_1	投资银行部_债权投资_商业银行债_1Y	\N	\N	\N
1666	3de2de9c-350f-42ef-85e8-3d1cbc2a0ec9	1_3_2_3_1_2	投资银行部_债权投资_商业银行债_3Y	\N	\N	\N
1667	79b55de7-c3e6-4653-a588-ba950d051c13	1_3_2_3_1_3	投资银行部_债权投资_商业银行债_5Y	\N	\N	\N
1668	0af2e42d-be7b-4229-9d3a-99c48850cf78	1_3_2_3_1_4	投资银行部_债权投资_商业银行债_10Y	\N	\N	\N
1669	099eb9ec-2e4c-4159-a3ad-ff3a2e9ab3bc	1_3_2_3_2	投资银行部_债权投资_金融机构债	\N	\N	\N
1670	454cf4a5-a968-4a64-a881-b1322acf821c	1_3_2_3_2_1	投资银行部_债权投资_金融机构债_1Y	\N	\N	\N
1671	af92fdaf-08ac-48e4-a8c4-f79e9e32fcce	1_3_2_3_2_2	投资银行部_债权投资_金融机构债_3Y	\N	\N	\N
1672	56b27d33-b682-4018-b0a0-3a5dad3ee302	1_3_2_3_2_3	投资银行部_债权投资_金融机构债_5Y	\N	\N	\N
1673	1be43bde-5e89-4cef-a2ab-9167a26c8e4c	1_3_2_3_2_4	投资银行部_债权投资_金融机构债_10Y	\N	\N	\N
1674	305fb25f-e257-498e-bc42-70ee3522150d	1_3_2_3_3	投资银行部_债权投资_公司债	10410689899.56	\N	58781509.638571
1675	1939cf9c-a76b-4937-8574-9bb8deb7e1d0	1_3_2_3_3_1	投资银行部_债权投资_公司债_1Y	1046929520.75	\N	2833204.366301
1676	2ad346c7-44b2-4b1c-b23d-574b210584e0	1_3_2_3_3_2	投资银行部_债权投资_公司债_3Y	6384721373.75	\N	38047377.559825
1677	1a3a8dfa-a565-415f-9836-767ca359502b	1_3_2_3_3_3	投资银行部_债权投资_公司债_5Y	2979039005.06	\N	17900927.88975
1678	5f5d947e-7f40-4b1c-9e33-fe0c7444873c	1_3_2_3_3_4	投资银行部_债权投资_公司债_10Y	\N	\N	\N
1679	fcc5543e-3ecc-4fad-8914-43cc7e8bbc96	1_3_2_3_4	投资银行部_债权投资_信托	4143516867.07	\N	25298789.81864
1680	a26b3909-4a70-4f1d-b9e2-4b34f1f0418c	1_3_2_3_4_1	投资银行部_债权投资_信托_1Y	632150340.78	\N	4527659.873151
1681	ca58d4bd-1e84-4952-a2f5-94745a07c25f	1_3_2_3_4_2	投资银行部_债权投资_信托_3Y	2672249633.3	\N	16366360.427533
1682	f06ecfe9-7932-406e-b3c7-9dbeb5572903	1_3_2_3_4_3	投资银行部_债权投资_信托_5Y	839116892.99	\N	4404769.331269
1683	93f4f6b2-570f-4aa1-a5c9-b652ff753b1c	1_3_2_3_5	投资银行部_债权投资_资管计划	10971174703.68	\N	53235508.916685
1684	9257e05f-9596-40f2-aa73-11efefd7f6ce	1_3_2_3_5_1	投资银行部_债权投资_资管计划_1Y	\N	\N	\N
1685	80cc00f2-e1bd-405d-ac8d-21c9552b3342	1_3_2_3_5_2	投资银行部_债权投资_资管计划_3Y	3276024191.67	\N	16710577.942125
1686	28a92584-5af3-4b16-bdfa-28d1c788a7a8	1_3_2_3_5_3	投资银行部_债权投资_资管计划_5Y	7695150512.01	\N	36524930.869219
1687	a14f001d-f73d-4483-ac7c-af420e235589	1_3_2_3_6	投资银行部_债权投资_债权融资计划	11393448380.51	\N	67435185.893318
1688	2d11a3f5-95c9-4e9b-8352-f235268c2d30	1_3_2_3_6_1	投资银行部_债权投资_债权融资计划_1Y	2459928014.97	\N	15045917.387457
1689	a64d5c62-663e-4cf9-a253-03c7419e9555	1_3_2_3_6_2	投资银行部_债权投资_债权融资计划_3Y	6213167680.04	\N	36486705.043975
1690	892da27a-784e-4583-9a14-f25577b622ae	1_3_2_3_6_3	投资银行部_债权投资_债权融资计划_5Y	2720352685.5	\N	15902563.662778
1691	b19a3cdb-fe17-4661-bd42-4f5f5e54c400	1_3_2_3_7	投资银行部_债权投资_私募基金	5470337682.35	\N	28784399.359727
1692	d45028c1-96b7-4af9-83c3-4d54ab9de770	1_3_2_3_7_1	投资银行部_债权投资_私募基金_1Y	\N	\N	\N
1693	cfab5613-c530-4d60-b5ae-2fd3fb74be20	1_3_2_3_7_2	投资银行部_债权投资_私募基金_3Y	802415007.66	\N	4544852.784891
1694	9bbf19d5-5943-4b96-afb1-2b27f275d40c	1_3_2_3_7_3	投资银行部_债权投资_私募基金_5Y	4667922674.69	\N	24239546.659175
1695	839edea7-aac1-4439-aec5-6243a9957021	1_3_2_3_8	投资银行部_债权投资_公募基金	\N	\N	\N
1696	1a5d59c0-af1b-4fda-81ef-50f096fe1d53	1_3_2_3_8_1	投资银行部_债权投资_公募基金_3Y	\N	\N	\N
1697	811c1c06-e976-4168-b462-bee8f9461b72	1_3_2_3_9	投资银行部_债权投资_融资租赁	901036255.94	\N	5374872.429199
1698	1bea9111-7043-4490-a200-1fb0e1a1c792	1_3_2_3_9_1	投资银行部_债权投资_融资租赁_1Y	\N	\N	\N
1699	d3251cb1-530d-43c8-944c-d691aba15c0a	1_3_2_3_9_2	投资银行部_债权投资_融资租赁_3Y	\N	\N	\N
1700	4393d1ed-7f59-4725-a59f-10b97040c8fb	1_3_2_3_9_3	投资银行部_债权投资_融资租赁_5Y	901036255.94	\N	5374872.429199
1701	8905ac09-b13a-498f-addb-df4bb8aafcff	1_3_2_3_10	投资银行部_债权投资_其他	2425222399.91	\N	13791628.479093
1702	d8eb18c1-c4c4-46f6-9e20-c2bc5739c830	1_3_2_3_10_1	投资银行部_债权投资_其他_1Y	\N	\N	\N
1703	1fac7771-94f1-4a91-a289-51e23266e667	1_3_2_3_10_2	投资银行部_债权投资_其他_3Y	1625189367.02	\N	9123568.50545
1704	388e1d80-fba4-4d29-b2ed-36de899d3575	1_3_2_3_10_3	投资银行部_债权投资_其他_5Y	800033032.89	\N	4475790.792184
1705	5150c737-ec97-4903-8586-9497e43cf9c5	1_3_2_4	投资银行部_其他权益工具投资	10280367.91	\N	248689.728633
1706	87117f70-1989-4e64-8b2e-7756117ce8c0	1_3_2_4_1	投资银行部_其他权益工具投资_5Y	10280367.91	\N	248689.728633
1707	3f2019af-6b57-452e-a0d6-59200a8da92f	1_4	发放贷款	187681479451.64	7107588432.93	819226932.290024
1708	a6f7d5ca-d2dd-429d-86fe-1d1e62d5fd96	1_4_1	个金条线贷款	59481229195.35	2202186858.59	261780888.630093
1709	a0920e5b-29ed-4232-a238-05032880c74b	1_4_1_1	个金条线_个人经营贷款	1089633180.64	23984025.88	11242082.728316
1710	97eed36d-3d84-47c4-b4d9-b87b6b8f295e	1_4_1_1_1	个金条线_个人经营贷款_3M	2146697.47	\N	\N
1711	e993156c-871a-4c3c-97d0-91f54ef56571	1_4_1_1_2	个金条线_个人经营贷款_6M	\N	\N	\N
1712	48c1d991-4374-4c15-a06a-7fa52dff0799	1_4_1_1_3	个金条线_个人经营贷款_1Y	147037130.07	19164838.71	1190540.170842
1713	295163fa-a263-4092-b565-b87a8327f8c0	1_4_1_1_4	个金条线_个人经营贷款_2Y	29630444.13	\N	1810929.328734
1714	dac06b10-2e0c-4c1b-8607-8661504db297	1_4_1_1_5	个金条线_个人经营贷款_3Y	910818908.97	4819187.17	8238681.043194
1715	caf956d0-8ec0-4444-a107-7db2b3d369c3	1_4_1_2	个金条线_个人消费贷款	6830796167.57	121226448.48	32227125.70934
1716	55c2fc92-9876-4efd-b245-57bfdaffc211	1_4_1_2_1	个金条线_便民贷	523352523.8	7694844.31	3397519.037316
1717	a5e8947e-6c2d-4bb5-a174-9b7e42b3157b	1_4_1_2_1_1	个金条线_便民贷_3M	7018459.96	1642705.67	53530.938553
1718	bd6c3cb8-099f-4532-b7af-1a8c0a0ebb49	1_4_1_2_1_2	个金条线_便民贷_6M	9954814.63	1320309.6	45709.173349
1719	d12df5d5-4424-418e-ab88-0eb9093c4262	1_4_1_2_1_3	个金条线_便民贷_1Y	123046971.86	4538090.31	842687.624259
1720	62f48b74-d3e9-4706-b74b-efbffdf47ed1	1_4_1_2_1_4	个金条线_便民贷_2Y	327352731.9	193738.73	2136322.56714
1721	b13e7e84-bb1c-41f7-87eb-0dc57d5439f9	1_4_1_2_1_5	个金条线_便民贷_3Y	55979545.45	\N	317235.378783
1722	1f2a6bdb-32cd-40a1-85f6-c88d10d507a6	1_4_1_2_2	个金条线_公积金秒贷	3201734935.39	109759604.39	13397140.898931
1723	1d6ff96a-4041-4138-b42f-18cb42d4f542	1_4_1_2_2_1	个金条线_公积金秒贷_3M	\N	\N	\N
1724	2c9aa10d-4a0c-4e0a-af81-bf9ce1504bfa	1_4_1_2_2_2	个金条线_公积金秒贷_6M	\N	\N	\N
1725	6e396270-08d4-4816-8638-e3bdd5df64ba	1_4_1_2_2_3	个金条线_公积金秒贷_1Y	2866313782.63	109058160.31	11842001.660088
1726	3a4dc918-ada2-4be3-9124-f4f1511ce297	1_4_1_2_2_4	个金条线_公积金秒贷_2Y	324118645.42	\N	1479585.109254
1727	9511bc47-84d4-4887-809b-bece56ce320c	1_4_1_2_2_5	个金条线_公积金秒贷_3Y	11302507.34	701444.08	75749.608111
1728	dc602e18-e828-4afc-b71a-56200354cc9d	1_4_1_2_3	个金条线_其他个人消费贷款	3105708708.38	3771999.77	15464423.154096
1729	e3784c6d-623d-44f0-9c8c-d8f47ce91e1b	1_4_1_2_3_1	个金条线_其他个人消费贷款_3M	\N	\N	\N
1730	1cb8d9f6-2996-45c2-8a49-13270055182c	1_4_1_2_3_2	个金条线_其他个人消费贷款_6M	270000.0	\N	1071.285133
1731	994a78b8-6569-4119-9dc1-b6b2c174528f	1_4_1_2_3_3	个金条线_其他个人消费贷款_1Y	312817058.82	3222330.36	1362467.911966
1732	9e83974f-31bd-47cd-87e2-23b23f8e2c19	1_4_1_2_3_4	个金条线_其他个人消费贷款_2Y	35496665.2	\N	191195.624855
1733	ed2d6a59-53f1-4dca-8517-626626467c64	1_4_1_2_3_5	个金条线_其他个人消费贷款_3Y	2757124984.36	549669.42	13911145.029051
1734	885db04d-3423-4852-ba94-1d57f896246f	1_4_1_3	个金条线_个人住房贷款	49251997930.1	167494.35	215514182.64853
1735	0097b6ba-8275-4e70-9ea5-c2677353b0c4	1_4_1_3_1	个金条线_个人住房贷款_1Y	30000.0	\N	9.76375
1736	dca0aba9-13a4-4f03-8552-4ea3b987b8de	1_4_1_3_2	个金条线_个人住房贷款_2Y	\N	\N	\N
1737	cebebf95-6eb9-45ae-bd1b-659b88ca5727	1_4_1_3_3	个金条线_个人住房贷款_3Y	1108505.88	\N	5682.461938
1738	822134d3-7c29-4052-b10f-03d7bf61028e	1_4_1_3_4	个金条线_个人住房贷款_5Y	1678547.93	8849.87	8379.759473
1739	5d1383e4-0e98-4b15-b8fe-1a80a6bff8e7	1_4_1_3_5	个金条线_个人住房贷款_10Y	49249180876.29	158644.48	215500112.74814
1740	834b6ce0-5313-4b1c-aebb-2ad4fca28bb0	1_4_1_4	个金条线_个人贷记卡透支	2308796917.05	2056808889.87	2477342.904407
1741	2d50f223-8fc4-44ba-b0be-b35f1e39389d	1_4_1_4_1	个金条线_个人贷记卡透支_3M	2300877859.26	2056734864.21	2477342.81202
1742	41920126-5d13-4ee6-85a2-f07a7c546e1b	1_4_1_4_2	个金条线_个人贷记卡透支_6M	935465.01	15745.16	\N
1743	14831d8c-17dd-4768-bbc8-2c291f40d10f	1_4_1_4_3	个金条线_个人贷记卡透支_1Y	1514996.23	55977.15	\N
1744	9a35b50a-1c3e-4831-885d-134e85ca2a3b	1_4_1_4_4	个金条线_个人贷记卡透支_2Y	2318596.55	178.73	\N
1745	8196978e-571e-4cd6-83b3-eb608bfad668	1_4_1_4_5	个金条线_个人贷记卡透支_3Y	3150000.0	2124.62	\N
1746	f725e343-8271-414d-8f31-357ea6815632	1_4_1_5	个金条线_其他贷款	4999.99	\N	\N
1747	2fc13293-19ea-40c1-9466-b1d220069909	1_4_1_5_1	个金条线_其他贷款_3M	\N	\N	\N
1748	ce74346c-6b6d-49cb-acf0-212789df0a1d	1_4_1_5_2	个金条线_其他贷款_6M	\N	\N	\N
1749	db17eb14-0ed5-4260-ab4b-847f253129eb	1_4_1_5_3	个金条线_其他贷款_1Y	\N	\N	\N
1750	5b3a8c39-9a01-45e4-86c2-615c6b7ed06f	1_4_1_5_4	个金条线_其他贷款_2Y	\N	\N	\N
1751	c9f0a391-76ee-45e5-a65d-96d88c1d19f7	1_4_1_5_5	个金条线_其他贷款_3Y	4999.99	\N	\N
1752	19950cc5-dd30-4af0-9a7d-f0d6eef1d650	1_4_2	小微条线贷款	13290914456.06	432212949.62	71170954.172351
1753	a137cee7-1641-4a97-946c-4e2d528d532e	1_4_2_1	小微条线_单位流动资金贷款	7625019773.66	210400722.52	40752188.995248
1754	9c27993e-5676-4258-932a-79aa358deac0	1_4_2_1_1	小微条线_单位流动资金贷款_3M	49000000.0	\N	27725.414014
1755	7d39fa0e-35d2-4d7b-ae97-fea43b5ff028	1_4_2_1_2	小微条线_单位流动资金贷款_6M	50311470.0	\N	-86184.79917
1756	e0ea1ce6-5b08-43a6-b59c-e8ac7988c96e	1_4_2_1_3	小微条线_单位流动资金贷款_1Y	6305237374.2	202672457.17	32281647.300309
1757	d5796fea-fbc8-46ff-8649-2f61a82f2075	1_4_2_1_4	小微条线_单位流动资金贷款_2Y	675070623.41	3612903.23	4516290.354568
1758	def20989-1cc7-4a76-815f-4b7218123cad	1_4_2_1_5	小微条线_单位流动资金贷款_3Y	545400306.05	4115362.13	4061954.295864
1759	dca33277-6874-4532-a903-5c75dc23bcc9	1_4_2_2	小微条线_单位其他固定资产贷款	46623755.22	\N	209783.710433
1760	47e595df-0973-4a36-9188-fc28e1190185	1_4_2_2_1	小微条线_单位其他固定资产贷款_1Y	3600000.0	\N	1520.83332
1761	be60f26c-160f-4f53-a5eb-f4e32fb9900a	1_4_2_2_2	小微条线_单位其他固定资产贷款_3Y	\N	\N	\N
1762	c8432cb7-9804-4e1c-aa98-48f54e5ce1e5	1_4_2_2_3	小微条线_单位其他固定资产贷款_5Y	10000000.0	\N	46131.955
1763	77bdfc12-0e41-4a6c-996c-eae80ef19cf3	1_4_2_2_4	小微条线_单位其他固定资产贷款_10Y	33023755.22	\N	162130.921089
1764	4f0ee9bc-d50e-470e-ad0d-9809a7ba11fa	1_4_2_3	小微条线_个人经营贷款	5618766715.57	221812227.1	30125806.049146
1765	8c6aef7e-b2d9-4128-817a-e415c4fff107	1_4_2_3_1	小微条线_个人经营贷款_线上	1131626047.95	61643420.06	6353716.788472
1766	59001440-2f35-4705-baac-01441db074b3	1_4_2_3_1_1	小微条线_个人经营贷款_线上_3M	4919841.1	990296.67	14266.459959
1767	eae256fc-ae8a-48b4-8936-b9498081c762	1_4_2_3_1_2	小微条线_个人经营贷款_线上_6M	6719720.19	1709677.42	20216.307087
1768	d9c3bb57-e864-4e42-9bae-eb87e36a0cb4	1_4_2_3_1_3	小微条线_个人经营贷款_线上_1Y	971425918.23	58943445.97	5464493.36988
1769	b5001a6f-2e7f-4e94-8bc1-4cb440c6d33d	1_4_2_3_1_4	小微条线_个人经营贷款_线上_2Y	39502113.17	\N	42436.871685
1770	839b8f61-5ccc-49fa-8ea2-9a8f8ce5390a	1_4_2_3_1_5	小微条线_个人经营贷款_线上_3Y	109058455.26	\N	893797.989133
1771	3dbe3656-d26e-4069-a5d7-45008236eaf3	1_4_2_3_2	小微条线_个人经营贷款_线下	4487140667.62	160168807.04	23776461.089681
1772	ec4639a9-33a5-475d-9f33-a492648781df	1_4_2_3_2_1	小微条线_个人经营贷款_线下_3M	2254244.76	\N	\N
1773	3e191015-be88-4fd0-adc0-9af470e4c58f	1_4_2_3_2_2	小微条线_个人经营贷款_线下_6M	4870955.74	\N	\N
1774	c1782b74-36ae-4134-88a6-941524ab4b58	1_4_2_3_2_3	小微条线_个人经营贷款_线下_1Y	2532720574.4	132408058.16	13851350.42801
1775	f9ba04c2-1633-4b32-b2e1-06e97512a80d	1_4_2_3_2_4	小微条线_个人经营贷款_线下_2Y	718440403.75	3961290.32	3519651.417796
1776	6b3ce8b9-4024-4eff-b424-cc19cd54fca1	1_4_2_3_2_5	小微条线_个人经营贷款_线下_3Y	1228854488.97	23799458.56	6291060.422756
1777	c184e2cf-dd7c-4afc-8b50-46967724a906	1_4_2_4	小微条线_个人消费贷款	504211.61	\N	1852.361585
1778	aec9629d-e203-4cfa-a49e-d384decf142f	1_4_2_4_1	小微条线_个人消费贷款_3M	\N	\N	\N
1779	c1c590f6-0da4-4c40-9001-9228649df620	1_4_2_4_2	小微条线_个人消费贷款_6M	\N	\N	\N
1780	453cbcd9-b851-4a9c-9585-4283f669d24c	1_4_2_4_3	小微条线_个人消费贷款_1Y	\N	\N	\N
1781	ce7876c1-c06d-42a6-8ec2-8a0c7e6cdea5	1_4_2_4_4	小微条线_个人消费贷款_2Y	\N	\N	\N
1782	99b10395-3859-4ec8-bb66-9c0c569a3bae	1_4_2_4_5	小微条线_个人消费贷款_3Y	504211.61	\N	1852.361585
1783	51e7e93a-9dde-40f8-988a-7f4d5455a25f	1_4_3	对公条线贷款	96772976571.62	2940619203.64	421455259.20882
1784	350ecd79-52dd-4c15-9088-cc86f51c5cdf	1_4_3_1	对公条线_单位房地产贷款	7959675760.51	152980645.16	44269140.8948
1785	00a14804-e13b-4278-aa2b-c4ee100d21de	1_4_3_1_1	对公条线_单位房地产贷款_1Y	30800000.0	71206451.61	409702.34318
1786	fa9e52a0-fdf1-4091-be24-285abbcd5e04	1_4_3_1_2	对公条线_单位房地产贷款_3Y	6049185400.26	2419354.84	34613428.201894
1787	a6568604-bd27-41d4-85ae-661eca436bce	1_4_3_1_3	对公条线_单位房地产贷款_5Y	1528690360.25	79354838.71	7082584.978337
1788	32300bfc-cb82-415e-b86c-88214b28a9d4	1_4_3_1_4	对公条线_单位房地产贷款_10Y	351000000.0	\N	2190215.079
1789	8ff13150-6c5c-41dd-82d0-678c646450aa	1_4_3_2	对公条线_单位项目融资贷款	2625647357.1	\N	13318266.349466
1790	4e5b1e28-4be8-4511-8ee5-ac421b3d684e	1_4_3_2_1	对公条线_单位项目融资贷款_3M	\N	\N	\N
1791	6409776d-fe25-4ddf-a9b8-6c7fa6d62ecf	1_4_3_2_2	对公条线_单位项目融资贷款_6M	\N	\N	\N
1792	7f0bba53-e508-4ca4-a2d2-3ce8b4123cfd	1_4_3_2_3	对公条线_单位项目融资贷款_1Y	\N	\N	\N
1793	4bcc8c99-252d-49f2-ae01-9b4cb0691169	1_4_3_2_4	对公条线_单位项目融资贷款_2Y	\N	\N	\N
1794	68fb53f8-2407-4ad2-81e9-6c6727dcc597	1_4_3_2_5	对公条线_单位项目融资贷款_3Y	2625647357.1	\N	13318266.349466
1795	6b7eb5fc-5efd-4ed1-88b8-7278f0964a9f	1_4_3_3	对公条线_单位其他固定资产贷款	16755827011.48	\N	78094931.318213
1796	14873132-09fc-43d0-ba91-6994232207d5	1_4_3_3_1	对公条线_单位其他固定资产贷款_1Y	\N	\N	\N
1797	2c4e7a24-18b9-46fd-a0cf-505d18f8cb64	1_4_3_3_2	对公条线_单位其他固定资产贷款_3Y	2226216000.0	\N	10669028.396369
1798	04183868-f33a-479a-bb4b-f8bd3cb0f331	1_4_3_3_3	对公条线_单位其他固定资产贷款_5Y	2033377800.0	\N	10413261.018311
1799	3dad5433-ccd1-4e32-9e95-6a617fb5ba5c	1_4_3_3_4	对公条线_单位其他固定资产贷款_10Y	12496233211.48	\N	57012752.439324
1800	501a8a3e-22b3-47c5-8245-c21c1e10e8ca	1_4_3_4	对公条线_单位流动资金贷款	69271779814.21	2626336774.19	285476465.846548
1801	5d390acd-bb65-44a9-a088-83dc95e44d3e	1_4_3_4_1	对公条线_单位流动资金贷款_3M	13492708.44	8709677.42	7893.627
1802	98fb22e3-9855-46dd-933c-04b1a8bd86b3	1_4_3_4_2	对公条线_单位流动资金贷款_6M	416900000.0	\N	503259.961479
1803	1915f167-65a6-4ed8-9c50-fd7c09d85147	1_4_3_4_3	对公条线_单位流动资金贷款_1Y	33956298165.36	1835477419.35	132633025.593497
1804	709cf35b-a50a-4949-b20d-e59f0848fbad	1_4_3_4_4	对公条线_单位流动资金贷款_2Y	10686139234.16	17741935.48	43004710.943828
1805	57c1d37c-ca80-43b7-bdb1-14c3a26cb0ed	1_4_3_4_5	对公条线_单位流动资金贷款_3Y	24198949706.25	764407741.94	109407064.723913
1806	64013ec1-061b-4d32-8b87-4fbb3523a6b5	1_4_3_5	对公条线_其他贷款	160046628.32	161301784.28	194665.040746
1807	ed282ee3-b3d1-42ec-b548-b98b67339c0b	1_4_3_5_1	对公条线_其他贷款_3M	26999344.54	32546348.37	98455.931686
1808	dcf76a7b-b80e-4da1-8955-88a651d1547d	1_4_3_5_2	对公条线_其他贷款_6M	\N	\N	\N
1809	b3b9ec68-8cdd-4f55-98b6-300f1eaac8a6	1_4_3_5_3	对公条线_其他贷款_1Y	\N	\N	\N
1810	73e9e012-6059-4feb-a76d-10cc986e404e	1_4_3_5_4	对公条线_其他贷款_2Y	\N	\N	\N
1811	b9bce1ee-2767-458e-9ec4-bf8ac0d58709	1_4_3_5_5	对公条线_其他贷款_3Y	133047283.78	128755435.92	96209.107498
1812	c617ed9f-ed49-4125-b34a-fb0f960206eb	1_4_4	数金条线贷款	6138937400.44	204424426.34	39179377.130437
1813	dca5b337-907a-494d-946f-526ab55d7ee2	1_4_4_1	数金条线_个人经营贷款	6396912.44	1458020.51	54566.576881
1814	c7cf5a3c-6d4c-4a5e-b2f0-ab728aba128a	1_4_4_1_1	数金条线_个人经营贷款_线上	\N	\N	\N
1815	15fdba22-2ffa-457f-b9ff-a004734c291c	1_4_4_1_1_1	数金条线_个人经营贷款_线上_3M	\N	\N	\N
1816	082bc97c-57d2-474a-8b43-8db9b7b5b39e	1_4_4_1_1_2	数金条线_个人经营贷款_线上_6M	\N	\N	\N
1817	a72811a9-c96c-4590-8f67-b18e59316fa1	1_4_4_1_1_3	数金条线_个人经营贷款_线上_1Y	\N	\N	\N
1818	56250eda-46ec-40a6-b3c2-bbb9cff71a71	1_4_4_1_1_4	数金条线_个人经营贷款_线上_2Y	\N	\N	\N
1819	0eb350f6-7e70-4b94-b7e7-85b9087f193c	1_4_4_1_1_5	数金条线_个人经营贷款_线上_3Y	\N	\N	\N
1820	a0d36f54-1bd0-4fbd-be9e-6185791a6ad1	1_4_4_1_2	数金条线_个人经营贷款_线下	6396912.44	1458020.51	54566.576881
1821	3a80b97b-08c5-4340-a88f-90ea40307f8f	1_4_4_1_2_1	数金条线_个人经营贷款_线下_3M	\N	\N	\N
1822	97900543-405c-4f61-9d7b-4c33c33271fb	1_4_4_1_2_2	数金条线_个人经营贷款_线下_6M	\N	\N	\N
1823	673ca4a4-64d8-4cbb-a2a9-23e2fe7f3757	1_4_4_1_2_3	数金条线_个人经营贷款_线下_1Y	\N	\N	\N
1824	fcae5e6c-35a1-4bda-a034-20f506a6c9b6	1_4_4_1_2_4	数金条线_个人经营贷款_线下_2Y	\N	\N	\N
1825	9ea4443a-453f-42e1-8a5b-f5dad04dacee	1_4_4_1_2_5	数金条线_个人经营贷款_线下_3Y	6396912.44	1458020.51	54566.576881
1826	3baf906e-eda3-4269-ab5b-0978735b6d1c	1_4_4_2	数金条线_个人消费贷款	6132540488.0	202966405.82	39124021.65914
1827	cf84e45b-fc22-4298-ba8e-920f0df79f69	1_4_4_2_1	数金条线_个人消费贷款_3M	339308041.06	73951560.71	1735001.185492
1828	6024cea0-5c56-4e90-9a86-c6a9d802a5ac	1_4_4_2_2	数金条线_个人消费贷款_6M	472778275.96	24302264.83	1530124.834168
1829	d20a37ce-3837-437a-a5c5-8062b7f3cc88	1_4_4_2_3	数金条线_个人消费贷款_1Y	4999063604.51	104689798.51	34243763.216277
1830	36f91805-44d7-4266-85dd-01ddccbd0b00	1_4_4_2_4	数金条线_个人消费贷款_2Y	307173973.11	22781.78	1522278.953262
1831	2df15384-bb92-416f-b1c3-029edb5c8524	1_4_4_2_5	数金条线_个人消费贷款_3Y	14216593.36	\N	106071.230766
1832	9d11229a-5df1-4ca2-8b09-9593d4ce27ba	1_4_5	贸易融资	3273562990.18	387324359.64	7118234.808727
1833	bd32ab94-3817-4a64-a586-dd8fe1fdbab0	1_4_5_1	贸易融资_3M	703982756.96	387324359.64	1117458.341432
1834	c1e2b28c-afd8-4b01-867d-635065a7c6a3	1_4_5_2	贸易融资_6M	2039580233.23	\N	3286421.041949
1835	6047dc09-f2fd-488d-8ebb-9b987a6b6b12	1_4_5_3	贸易融资_1Y	\N	\N	\N
1836	d7d482f2-5245-4029-8ca3-058e54dfca72	1_4_5_4	贸易融资_2Y	\N	\N	\N
1837	6425a27b-5777-402e-98d7-e84b24ce522e	1_4_5_5	贸易融资_3Y	530000000.0	\N	2777832.378333
1838	f84bf939-fb1a-47f1-9a36-1cb9fb683646	1_4_6	贴现	8723858837.99	940820635.1	19681816.262273
1839	356d3843-03a3-49c5-8495-e5a5c10adc6d	1_4_6_1	直贴_3M	703236649.88	397021142.31	11823969.627338
1840	c8b41d68-e8b2-4d0f-b51d-5f1ebcde5edc	1_4_6_2	转贴_6M	6731154965.75	466286052.66	8384831.389126
1841	aa2ff945-88d6-47d1-a28b-e07c5028153d	1_4_6_3	福费廷_3M	1289467222.36	77513440.13	235281.179419
1842	8e1cf659-ad2a-48d8-8c8c-a4144e40963a	1_4_6_4	应收款买断_3M	\N	\N	\N
1843	2f4ad879-ac9b-4511-ab9d-c3bfa68dcc4b	1_5	其他资产	20562683409.17	16697443249.88	\N
1844	cbbf996a-bf86-4b38-92f7-590cde045406	1_5_1	贵金属_30Y	\N	\N	\N
1845	d67f4ab7-d313-4d46-bf8a-78358fcd0192	1_5_1_1	贵金属_黄金_1D	\N	\N	\N
1846	eb7f1b04-e0d8-4d82-a8c4-e4cc3c0673be	1_5_1_2	贵金属_非黄金_30Y	\N	\N	\N
1847	f080bd26-e225-42bd-b9f7-a62a4ba03598	1_5_2	各类应收款_30Y	2758822983.27	2297068340.94	\N
1848	b3b4a738-0441-49b4-80ed-6add7d1b4438	1_5_3	其他资产_30Y	17803860425.89	14400374908.94	\N
1849	1602717a-c8d2-43c1-a9e6-b48fb01d6d70	2_1	向中央银行借款	13220221887.02	782031989.31	20247325.612551
1850	9db2cc1d-33bc-438c-b30f-3f9f080826a3	2_1_1	再贴现_1Y	3326709887.02	782031989.31	3891188.046912
1851	8ec08b15-1f11-43d1-bf32-0a9fd6433667	2_1_2	再贷款_1Y	9893512000.0	\N	16355836.271787
1852	6280eb39-7cc2-4b31-9a1c-dc8f3359537f	2_2	同业负债	33386978675.08	3958346118.26	35045535.761663
1853	44c7a133-de09-4c36-b404-3eeafca5d90d	2_2_1	同业存放款项	17057013301.15	3035967860.2	23838358.969185
1854	6f9d0c94-a465-4b0f-8246-f6f712b33ec7	2_2_1_1	同业存放活期款项	4951622651.15	3035967860.2	3236033.815928
1855	f6d67f1e-573c-4db4-b0e2-ea234bad1e5f	2_2_1_1_1	同业存放活期款项_1D	4951622651.15	3035967860.2	3236033.815928
1856	a6d91e0c-b183-4b21-b1d0-60225bb1a657	2_2_1_2	同业存放定期款项	12105390650.0	\N	19601858.521995
1857	ab974bc0-959e-4e6a-aba1-07f01478d082	2_2_1_2_1	同业存放定期款项_1M	\N	\N	\N
1858	60f33735-50a1-4a56-8f36-73e349c16d72	2_2_1_2_2	同业存放定期款项_3M	300000000.0	\N	49849.54
1859	61ac1885-5d18-42ea-afec-63f5cb3e8989	2_2_1_2_3	同业存放定期款项_6M	3650000000.0	\N	5549492.684028
1860	bc84aa5b-3ce0-496c-aaf6-dcf7e6555402	2_2_1_2_4	同业存放定期款项_1Y	8155390650.0	\N	13893534.651762
1861	930f5a1a-09ac-4975-852a-1924fe8c7fa3	2_2_2	同业拆入	3568465373.93	72270000.0	3211786.111809
1862	6f222dfe-8cb7-4c20-9717-392734d33136	2_2_2_1	同业拆入_1D	3568465373.93	72270000.0	3211786.111809
1863	c0f7ce8d-0963-4152-899c-199a86b30d60	2_2_3	同业借款借入	2990000000.0	\N	8500824.648333
1864	6ff125c0-1d02-4221-815d-e66fc5ae3ea3	2_2_3_1	同业借款借入_1D	2990000000.0	\N	8500824.648333
1865	d77b69a0-b6ee-438d-884d-ec7e88994e1c	2_2_4	卖出回购	9771500000.0	850108258.06	1598452.486449
1866	f3d05ae4-39f8-4083-8694-01038dc45e6b	2_2_4_1	卖出回购债券	9771500000.0	850108258.06	1598429.57367
1867	91c5490f-9cc4-44d5-a970-c21f6cf9f827	2_2_4_1_1	卖出回购债券_买断式_1D	\N	196209677.42	353892.826
1868	fca8b527-b7f5-4aa6-b028-fb7c8e3c9068	2_2_4_1_2	卖出回购债券_买断式_7D	9771500000.0	653898580.65	1255732.624692
1869	da248764-82e8-405c-8bce-eb36490529c8	2_2_4_1_3	卖出回购债券_质押式_1D	\N	\N	\N
1870	acd3149c-df92-4b44-afdb-73cf7dc5121a	2_2_4_1_4	卖出回购债券_质押式_7D	\N	\N	\N
1871	8c878d3a-f761-4236-b7f3-94f0ee427e4f	2_2_4_2	卖出回购票据	\N	\N	\N
1872	2a2e0233-9f25-4375-9df9-5c8ebd098d9e	2_2_4_2_1	卖出回购票据_买断式_1D	\N	\N	\N
1873	740ae4c2-5da9-473f-abec-836e62d5a845	2_2_4_2_2	卖出回购票据_买断式_7D	\N	\N	\N
1874	69d3c79b-6bb2-44ff-b96e-10adc90b9ccb	2_2_4_2_3	卖出回购票据_质押式_1D	\N	\N	\N
1875	738c34ae-6cdb-491b-a585-55447049b0f3	2_2_4_2_4	卖出回购票据_质押式_7D	\N	\N	\N
1876	9eb1c7eb-f7d1-4d2f-95bc-9333d252b2cb	2_3	发行同业存单	51565555503.83	2723704286.01	116600474.632223
1877	ceff7ac4-f5e2-4435-813b-3b1607c3ec84	2_3_1	发行同业存单_1M	2484643688.75	147106050.48	347519.285373
1878	5dec6d96-22e3-4a59-a319-6b96ea7f74ce	2_3_2	发行同业存单_3M	129954261.64	125629387.57	290727.291862
1879	ac7f60eb-9047-4bee-b5c4-79668c2e6a99	2_3_3	发行同业存单_6M	4737902293.27	\N	5351727.213551
1880	d0970606-4cea-40f5-b97f-de37cc862717	2_3_4	发行同业存单_9M	19898451671.24	859467776.27	48880348.210036
1881	7aa4c3e6-1db1-47c8-8278-e40411516a15	2_3_5	发行同业存单_1Y	24314603588.93	1591501071.69	62195972.395289
1882	64ceb156-7753-48eb-93c3-3558c5f1950e	2_4	发行债券	10214516252.14	191397765.02	35112500.350299
1883	08d01acd-a52d-4177-a2af-65fcd9821924	2_4_1	发行债券_3Y	4214516252.14	191397765.02	12645833.277876
1884	07eb2460-2f4d-423d-b9e2-a5bdd9144acf	2_4_2	发行债券_5Y	2000000000.0	\N	6666666.666667
1885	7418614d-d352-4f43-bc84-6daf43f19927	2_4_3	发行债券_10Y	4000000000.0	\N	15800000.0
1886	a98eb825-7260-461f-bbe2-6d6175000bb6	2_5	吸收存款	206064840581.44	74566603089.56	423035556.084126
1887	75465ef2-af53-42d8-9d0d-5c6072815879	2_5_1	单位存款	145009240241.68	55460688827.66	280878475.700556
1888	96ebc4b6-ae44-43ac-afba-6fb2ccea7fc3	2_5_1_1	单位活期存款	59652530636.94	41648275881.29	54707010.181452
1889	6ca0b2cc-dc27-4f31-b6e7-53c0edda2a2b	2_5_1_1_1	单位普通活期存款_1D	59652530636.94	41648275881.29	57569679.666566
1890	8ccda92f-5cdd-4ef4-9f51-78e70149f9d3	2_5_1_1_2	单位协议活期存款_1D	\N	\N	\N
1891	f5456393-559d-4cd3-887f-dec390aa8c7e	2_5_1_2	单位协议存款	6064000000.0	22258064.52	24037358.510833
1892	f788b851-fa8a-4397-adad-58c64f2ae895	2_5_1_2_1	单位协议存款_1Y	1064000000.0	22258064.52	3489298.624
1893	b3459b6f-5315-451f-9c9c-f250c90a1917	2_5_1_2_2	单位协议存款_3Y	\N	\N	3252.890167
1894	2c5ab00f-5481-4736-b21b-1b2463a51db4	2_5_1_2_3	单位协议存款_5Y	5000000000.0	\N	20544806.993333
1895	8e0106b9-b532-4e6c-808e-6e239f5aded7	2_5_1_3	单位定期	24957048396.94	1777014300.14	63161725.051452
1896	b83bc08e-6da6-4491-b66d-cb35e239a66e	2_5_1_3_1	单位定期_3M	854359880.68	85435291.55	1455789.985148
1897	d5aa020d-3a6c-4833-ab4b-91081a295695	2_5_1_3_2	单位定期_6M	705084605.1	\N	1100363.601165
1898	99254b34-493a-41f7-b44e-582b285d2d80	2_5_1_3_3	单位定期_1Y	16339524294.84	1654940298.92	43174624.499751
1899	93396f69-5b45-4b09-a4de-68444739aafc	2_5_1_3_4	单位定期_2Y	3662473113.11	\N	8013370.247411
1900	8ca7d192-cbdd-4a25-a9a6-cc5bda3c1bb2	2_5_1_3_5	单位定期_3Y	1090121465.91	\N	2949194.588499
1901	6175804c-d781-4cf8-8c6c-772350eb3523	2_5_1_3_6	单位定期_5Y	2305485037.3	36638709.68	6357297.675003
1902	393a1deb-0a41-4592-8b55-2eb6f90e206b	2_5_1_4	单位通知存款	942557807.0	515740636.73	711264.44769
1903	35bdce95-797d-4db7-8204-d8516158d672	2_5_1_4_1	单位通知存款_1D	292204301.29	14232224.63	13561.684041
1904	04e7940b-0673-46f4-9627-620394979697	2_5_1_4_2	单位通知存款_7D	650353505.71	501508412.1	699115.54836
1905	d7837b57-93e7-4840-97bc-b2adae75d1e9	2_5_1_5	单位保本理财	\N	\N	\N
1906	f11cfaac-9ce5-4208-9bbc-701c5e74b33b	2_5_1_5_1	单位保本理财_1Y	\N	\N	\N
1907	5386990a-e6fb-4b24-8fa3-a3dfb4d3454a	2_5_1_6	单位大额存单存款	296000000.0	9677419.35	791557.248417
1908	6b3ed76f-d257-48bc-9e43-2897dac0cb9e	2_5_1_6_1	单位大额存单存款_1Y	114000000.0	\N	154813.778167
1909	dc0c3583-fbf9-4117-9f22-56530a68a255	2_5_1_6_2	单位大额存单存款_2Y	30000000.0	9677419.35	78441.2075
1910	90822ca8-707f-4591-bbe0-1acb6d326f8a	2_5_1_6_3	单位大额存单存款_3Y	152000000.0	\N	558302.27
1911	1fb85a53-c1b7-441a-816e-4618a016272c	2_5_1_7	单位保证金存款	53097103400.79	11487722525.63	147481980.520972
1912	5b498f25-e7f5-4bce-be17-dfc71e9fd6c8	2_5_1_7_1	单位活期保证金存款_1D	8861988288.59	6999769405.63	22389110.254676
1913	e07df207-417d-48f2-adc0-dd87403fbb26	2_5_1_7_2	单位定期保证金存款	44235115112.2	4487953120.0	125045839.946032
1914	2993fc44-26c1-4a9f-819a-da085557e1ad	2_5_1_7_2_1	单位定期保证金存款_3M	2417426301.8	171473427.49	585432.544029
1915	b0c33691-595b-4ced-8206-de2e11f7c613	2_5_1_7_2_2	单位定期保证金存款_6M	1217410153.05	20281108.76	1172534.961559
1916	0c1b0d50-6dde-4480-93ac-38390d8db6e4	2_5_1_7_2_3	单位定期保证金存款_1Y	39416824985.82	4296198583.75	121978001.761662
1917	7cd86112-33bf-451b-9528-ede06edfce2a	2_5_1_7_2_4	单位定期保证金存款_2Y	641658393.83	\N	1563680.745519
1918	7aedd113-c14f-4239-ba30-2f78f5341ab9	2_5_1_7_2_5	单位定期保证金存款_3Y	541795277.7	\N	800237.14113
1919	406fb7b9-ee16-4a2e-9dcf-f7de996ab696	2_5_2	个人存款	60550339597.77	19082336979.53	142412517.011909
1920	8cbf8e23-622e-41dd-bc6d-26460782fa99	2_5_2_1	个人活期存款	23127159027.96	17726865224.38	18514727.033571
1921	b7db3b68-a02f-4f02-8afa-e780d1c9826d	2_5_2_1_1	个人普通活期存款_1D	23127159027.96	17726865224.38	18504034.040743
1922	f4c81242-6ee6-4e86-9d34-a001437991e5	2_5_2_1_2	个人协议活期存款_1D	\N	\N	\N
1923	858f442a-3d25-442c-8acd-d6e06f011c97	2_5_2_2	个人定期存款	30847499996.2	480928531.84	114558549.050436
1924	bd446106-293d-4489-af97-0922a8ccc287	2_5_2_2_1	高兴存	3676000228.57	\N	13985734.642146
1925	7c26be01-898f-4067-85fb-843d592f61f4	2_5_2_2_1_1	高兴存	2866463058.59	\N	10473048.475108
1926	7361923c-c5ef-448c-b549-4f1bf6a2c2ba	2_5_2_2_1_1_1	高兴存_3Y	355333851.89	\N	1236299.300389
1927	c2f6202e-0899-4b16-8686-6d32268a5136	2_5_2_2_1_1_2	高兴存_5Y	2511129206.7	\N	9236749.036096
1928	f013f202-42b3-4d06-bd65-d6b61f40c8a9	2_5_2_2_1_2	高兴存（节庆专属）_3Y	809537169.98	\N	3164480.600641
1929	49383448-f9d2-4d1b-a736-1a183e70469b	2_5_2_2_1_3	高兴存（村镇银行专属）	\N	\N	348205.516819
1930	06a7e2dc-780f-4c08-9368-39753494ea53	2_5_2_2_1_3_1	高兴存（村镇银行专属）_3Y	\N	\N	20350.737132
1931	913a8951-0716-460f-b9ca-a8a9e4619e47	2_5_2_2_1_3_2	高兴存（村镇银行专属）_5Y	\N	\N	327854.784632
1932	6eabfa3c-6c40-4fe4-9bf0-6efe9b62dcde	2_5_2_2_2	富桂存	19258406162.06	1500000.0	81616696.38631
1933	2fe8ded7-15c3-4a34-b692-c8680d4ed1e5	2_5_2_2_2_1	富桂存_月得利	6910533237.94	1500000.0	29634456.047144
1934	f9de32ae-fca4-4284-aaaf-e473d8825454	2_5_2_2_2_1_1	富桂存_月得利_3Y	\N	\N	\N
1935	9e96af92-9e93-4282-9184-ffd3ce9af3e1	2_5_2_2_2_1_2	富桂存_月得利_5Y	6910533237.94	1500000.0	28858286.670451
1936	e23e7eea-713e-49e9-bf5d-15b4da30685a	2_5_2_2_2_2	富桂存_月得利（二期）	2599032587.86	\N	11316135.138454
1937	ff07ad31-df23-4bf7-bdef-4dc430989fbc	2_5_2_2_2_2_1	富桂存_月得利（二期）_3Y	62695000.0	\N	209811.446823
1938	ece448c4-6bf1-41bf-98f8-ff170af9a4bf	2_5_2_2_2_2_2	富桂存_月得利（二期）_5Y	2536337587.86	\N	11106323.672009
1939	0d2eca09-1cb6-44ba-8415-77862ddeb895	2_5_2_2_2_3	富桂存_月得利(尊享版)_5Y	3998211028.36	\N	15269748.462433
1940	03ce0d87-5922-4a9a-85a2-bb246d7f7083	2_5_2_2_2_4	富桂存_月得利（E版三年）_3Y	2000.0	\N	6.833611
1941	765c5213-f016-4fbf-85fb-0af2ec3df1cc	2_5_2_2_2_5	富桂存_月得利（县域专属）	143420934.31	\N	878925.598752
1942	3a4b2dbb-0571-49b3-b675-d783fa994dc2	2_5_2_2_2_5_1	富桂存_月得利（县域专属）_3Y	3171000.0	\N	46638.158618
1943	e920797a-a0e2-44ac-aea1-773e533e50b0	2_5_2_2_2_5_2	富桂存_月得利（县域专属）_5Y	140249934.31	\N	832287.445788
1944	94fb224f-20f9-4937-a240-b1308490af35	2_5_2_2_2_6	富桂存_月得利（E版五年）_5Y	2825212.0	\N	10166.517472
1945	d67ec9f2-2a77-435b-9273-1e8741caf8c8	2_5_2_2_2_7	行庆专属存款_5Y	4802214453.62	\N	21097523.62718
1946	487d5c86-2138-4ccf-8055-9d1d71399af1	2_5_2_2_2_8	区庆专属存款	802166707.97	\N	3409725.350481
1947	5f1f1ab4-bd8e-41a7-9091-778052b0b789	2_5_2_2_2_8_1	区庆专属存款_3Y	\N	\N	\N
1948	f3ce5b90-854a-4661-9fa1-c3599a08d8d7	2_5_2_2_2_8_2	区庆专属存款_5Y	802166707.97	\N	3338146.487511
1949	5e82b2c7-6f99-4c65-a3aa-e6dac66ea08c	2_5_2_2_3	其他个人定期存款	7913093605.57	479428531.84	19273842.299066
1950	d1ba178f-4018-4c63-b19d-6430105e4ec0	2_5_2_2_3_1	其他个人定期存款_3M	227352125.91	73404938.7	655266.735447
1951	19024b13-da9a-4f45-8211-18b1c26a2565	2_5_2_2_3_2	其他个人定期存款_6M	136123164.48	\N	118533.172754
1952	028ffd9a-ab78-4c38-ac3b-68b7f60add9a	2_5_2_2_3_3	其他个人定期存款_1Y	4237208688.06	315434017.65	10466298.736281
1953	8c444289-5da4-4715-8a15-c6fadddbe904	2_5_2_2_3_4	其他个人定期存款_2Y	428198388.46	\N	1396286.086709
1954	829dddee-0aff-4586-bb1d-3e42ba217ec2	2_5_2_2_3_5	其他个人定期存款_3Y	471556449.33	24480787.91	1573550.508014
1955	8dba6cae-9b4d-4f1f-881d-d3cff515a63f	2_5_2_2_3_6	其他个人定期存款_5Y	2412654789.33	66108787.59	5059126.668453
1956	8fc46a81-cbd8-4475-ada6-10407d43f43d	2_5_2_3	个人通知存款	1595894322.43	809771542.53	1358738.799187
1957	9b1507a2-0c43-42ab-82fc-d5e0ab12cd62	2_5_2_3_1	个人通知存款_1D	116396477.09	11605352.84	8937.534282
1958	8b08dd44-14a6-483f-b4f7-fc9ce85c74f4	2_5_2_3_2	个人通知存款_7D	1479497845.34	798166189.69	1358260.407856
1959	e783acf8-679a-4a99-af36-05ecb12ba77e	2_5_2_4	个人保本理财	\N	\N	\N
1960	0c8da88c-f78a-40bd-a665-a2a5b93bcc2d	2_5_2_4_1	个人保本理财_1Y	\N	\N	\N
1961	700a39bf-5163-4089-b469-e299bb40ec12	2_5_2_5	个人大额存单存款	4276445254.14	56964569.66	13723420.546899
1962	fe2927d0-429d-45e5-bee3-b2ff7bfd8913	2_5_2_5_1	个人大额存单存款_3M	53222000.0	10310161.29	171217.224468
1963	1e3bf393-af4c-4ecb-8bf7-08a6d19ac4c7	2_5_2_5_2	个人大额存单存款_6M	6953026.19	\N	5624.096579
1964	c7da6168-4189-4eb9-abfa-6a343f260fa9	2_5_2_5_3	个人大额存单存款_1Y	382716522.4	45009247.08	903268.253547
1965	32c58384-e81a-4f94-9601-eb71b7945c74	2_5_2_5_4	个人大额存单存款_3Y	1830205705.55	1645161.29	6042286.727173
1966	da6d91f6-e928-4d6c-9b72-e437b52de18a	2_5_2_5_5	个人大额存单存款_5Y	2003348000.0	\N	6615527.109052
1967	04af2b8c-5776-4285-affe-f0efa9706875	2_5_2_6	个人协议存款	703338369.0	7805161.29	2520344.331853
1968	2180d450-1b52-4b0b-afbc-f1cc32f67946	2_5_2_6_1	个人协议存款_1Y	339438369.0	7805161.29	1078523.090878
1969	ef5df7bc-f396-45ac-a269-f0dff0fd8aff	2_5_2_6_2	个人协议存款_5Y	363900000.0	\N	1455033.356064
1970	4fcf39de-e408-411b-8bb2-cda35e7d2f16	2_5_2_7	个人定活两便	2628.03	1949.83	0.365338
1971	d0c0241c-5d83-4fff-a765-526ad43b7579	2_5_2_7_1	个人定活两便_1D	2628.03	1949.83	0.365338
1972	9aa784bd-38dc-44e3-9967-5dac5080e9a6	2_5_3	国库定期存款	\N	\N	\N
1973	2d1d9262-79d7-460f-89aa-625ead1de5ea	2_5_3_1	国库定期存款_1Y	\N	\N	\N
1974	9cb0f3c0-f33f-4f8e-8d31-2555e62c1f06	2_5_4	财政性存款	5260529.99	23532908.76	\N
1975	532aadf4-022d-4207-8032-1c63973bb586	2_5_4_1	财政性存款_1Y	5260529.99	23532908.76	\N
1976	2fe3ea2e-bd45-4b3c-8b48-779281905d07	2_5_5	其他存款	500000212.01	44373.61	\N
1977	daa206ff-2b17-4082-b5b4-04aac89a6c69	2_5_5_1	应解汇款机临时存款_1D	212.01	44373.61	\N
1978	e9aee1d6-ce05-400c-80eb-5bb28b6fc297	2_5_5_2	开出银行汇票_1D	\N	\N	\N
1979	6e2d07d9-827b-46b4-aec9-74856ec956e3	2_5_5_3	开出银行本票_1D	\N	\N	\N
1980	8fdd589b-cfbc-4c54-80f4-ede2464112aa	2_5_5_4	转股协议存款_1D	500000000.0	\N	\N
1981	fc4b447e-c54f-4b18-b641-589e174ab56b	2_6	其他负债	12442989328.77	12461805484.29	\N
1982	3be44bc2-6a0b-48d5-ad48-220b765d4e25	2_6_1	代理类负债_1Y	3015144148.45	2860744292.53	\N
1983	e0a69ad7-679d-4113-b777-3f7440793fd8	2_6_2	转贴现负债_3M	\N	\N	\N
1984	df5976af-77b2-43b5-8bee-0c56afa5c075	2_6_3	其他负债_30Y	9427845180.32	9601061191.76	\N
1985	431b865d-694e-437c-80d6-ccdffc1cc1a3	3_1	所有者权益	24140467204.32	\N	\N
1986	95c4de3c-7fe6-40bc-ba2d-5846a8395aa3	3_1_1	所有者权益_10Y	21680118098.12	\N	\N
