id	uuid	coa_cd	coa_name	term	accrule_base	curve_name	curve_id	business_line	float_ratio	replace_type	reprice_freq
1	40a8028b-36e5-4630-a91c-7f87277324c1	1_1_1	现金_1D	1D	Actual/360	零收益率曲线	1	计财部	\N	固定利率	
2	1322122f-71a2-491d-9c11-394d9a0ce59e	1_1_2	存放央行法定准备金_30Y	30Y	Actual/360	法定存款准备金收益率	2	计财部	\N	固定利率	
3	d504a10f-7e7b-4dd9-9519-3f2b2b7479a6	1_1_3	存放央行超额准备金_1D	1D	Actual/360	超额存款准备金收益率	3	计财部	\N	固定利率	
4	2bab70ce-553e-4cf8-adf5-6cf15311d000	1_1_4	存放央行其他款项_30Y	30Y	Actual/360	零收益率曲线	1	计财部	\N	固定利率	
5	058d47a1-0f55-4ffa-9b27-1c33a7faaec0	1_2_1_1_1	存放同业活期款项_金融市场部_1D	1D	Actual/360	shibor_1D	4		\N	固定利率	
6	2af725e9-1e2f-4b3b-84cc-f48b063200f4	1_2_1_1_2	存放同业定期款项_金融市场部_1M	1M	Actual/360	同业存单AAA到期收益率_1M	14		\N	固定利率	
7	0a525a51-8f81-4561-8c28-1a74131885c6	1_2_1_1_3	存放同业定期款项_金融市场部_3M	3M	Actual/360	同业存单AAA到期收益率_3M	15		\N	固定利率	
8	638a31b8-c731-44e2-a99a-df6533803cbf	1_2_1_1_4	存放同业定期款项_金融市场部_6M	6M	Actual/360	同业存单AAA到期收益率_6M	16		\N	固定利率	
9	a1f0aefd-bf6f-46f9-9e04-9fcee217a969	1_2_1_1_5	存放同业定期款项_金融市场部_1Y	1Y	Actual/360	同业存单AAA到期收益率_1Y	18		\N	固定利率	
10	bb28b9e2-6992-4a45-b105-0f05332dff9c	1_2_1_2_1	存放同业活期款项_公司金融部_1D	1D	Actual/360	shibor_1D	4		\N	固定利率	
11	6e1147f7-adf6-4827-8fed-cdab360d2305	1_2_1_2_2	存放同业定期款项_公司金融部_1M	1M	Actual/360	同业存单AAA到期收益率_1M	14		\N	固定利率	
12	dbf3c86c-e6ff-417d-bdc4-a2268efcaea0	1_2_1_2_3	存放同业定期款项_公司金融部_3M	3M	Actual/360	同业存单AAA到期收益率_3M	15		\N	固定利率	
13	a6925e38-8576-49b6-8b7a-15575f2d2b9f	1_2_1_2_4	存放同业定期款项_公司金融部_6M	6M	Actual/360	同业存单AAA到期收益率_6M	16		\N	固定利率	
14	d68d4945-697b-40c5-8592-dd59e6130a42	1_2_1_2_5	存放同业定期款项_公司金融部_1Y	1Y	Actual/360	同业存单AAA到期收益率_1Y	18		\N	固定利率	
15	5f033191-b98e-44e7-ae7a-a9be8a3a998d	1_2_2_1	拆放同业款项_1D	1D	Actual/360	同业存单AAA到期收益率_1D	19		\N	固定利率	
16	8c06c2af-9111-4773-b641-a704645ebc5a	1_2_2_2	拆放同业款项_1M	1M	Actual/360	同业存单AAA到期收益率_1M	14		\N	固定利率	
17	d030ccf7-777e-47d5-9ad9-c086aa689b8b	1_2_2_3	拆放同业款项_3M	3M	Actual/360	同业存单AAA到期收益率_3M	15		\N	固定利率	
18	f7eb44a5-4a35-4648-bb38-f993f6edc0ac	1_2_2_4	拆放同业款项_6M	6M	Actual/360	同业存单AAA到期收益率_6M	16		\N	固定利率	
19	c329da11-e9be-41cb-833b-5025d1609f8f	1_2_2_5	拆放同业款项_1Y	1Y	Actual/360	同业存单AAA到期收益率_1Y	18		\N	固定利率	
20	45205769-dd76-4529-b79a-a00a26e4a95d	1_2_3_1_1	买入返售债券_买断式_1D	1D	Actual/360	shibor_1D	4		\N	固定利率	
21	770fcda9-a2cc-4a99-9365-6f2f2f6e5986	1_2_3_1_2	买入返售债券_买断式_7D	7D	Actual/360	shibor_7D	5		\N	固定利率	
22	ee1ac699-f2fb-45af-8d19-01d0c91d0b5c	1_2_3_1_3	买入返售债券_质押式_1D	1D	Actual/360	shibor_1D	4		\N	固定利率	
23	159568f5-a1ac-4f25-9a3f-ba33be3f43d0	1_2_3_1_4	买入返售债券_质押式_7D	7D	Actual/360	shibor_7D	5		\N	固定利率	
24	380b9cb3-49ea-4ccf-a74b-be05b048c6e0	1_2_3_2_1	买入返售票据_买断式_1D	1D	Actual/360	shibor_1D	4		\N	固定利率	
25	df29eb6b-476e-4c58-b6b7-d5bf5b7edd6b	1_2_3_2_2	买入返售票据_买断式_7D	7D	Actual/360	shibor_7D	5		\N	固定利率	
26	eae83d34-562c-4019-8b0b-f6b0a41b1340	1_2_3_2_3	买入返售票据_质押式_1D	1D	Actual/360	shibor_1D	4		\N	固定利率	
27	382d4ae0-12d2-4666-8a7c-cd19988f6279	1_2_3_2_4	买入返售票据_质押式_7D	7D	Actual/360	shibor_7D	5		\N	固定利率	
28	331c8708-ee26-4d6b-9f36-cc23f7077aa4	1_3_1_1_1_1_1	金融市场部_交易性国债投资_司库_1Y	1Y	Actual/360	国债到期收益率_1Y	20	金融市场部	\N	固定利率	
29	869b463f-6e83-41a3-9a35-630b6a8f5906	1_3_1_1_1_1_2	金融市场部_交易性国债投资_司库_3Y	3Y	Actual/360	国债到期收益率_3Y	21	金融市场部	\N	固定利率	
30	c97d3a27-ac13-4bac-a29c-4927d3f8c39a	1_3_1_1_1_1_3	金融市场部_交易性国债投资_司库_5Y	5Y	Actual/360	国债到期收益率_5Y	22	金融市场部	\N	固定利率	
31	e42bddee-bac8-4781-add2-35a799e9a04b	1_3_1_1_1_1_4	金融市场部_交易性国债投资_司库_10Y	10Y	Actual/360	国债到期收益率_10Y	23	金融市场部	\N	固定利率	
32	20ed97da-dec8-4fb6-81f5-33ea8f2dfe40	1_3_1_1_1_2_1_1	金融市场部_交易性国债投资_非司库_交易账户_1Y	1Y	Actual/360	国债到期收益率_1Y	20	金融市场部	\N	固定利率	
33	e226be39-eeb9-4ce2-9966-4052850c373d	1_3_1_1_1_2_1_2	金融市场部_交易性国债投资_非司库_交易账户_3Y	3Y	Actual/360	国债到期收益率_3Y	21	金融市场部	\N	固定利率	
34	1bb086d2-2d65-42a8-abc5-9734ae5fc9aa	1_3_1_1_1_2_1_3	金融市场部_交易性国债投资_非司库_交易账户_5Y	5Y	Actual/360	国债到期收益率_5Y	22	金融市场部	\N	固定利率	
35	80f430c1-3f1d-4670-b447-7438b9f38baa	1_3_1_1_1_2_1_4	金融市场部_交易性国债投资_非司库_交易账户_10Y	10Y	Actual/360	国债到期收益率_10Y	23	金融市场部	\N	固定利率	
36	77298a99-4cae-4ddf-bb83-265d77bc7847	1_3_1_1_1_2_2_1	金融市场部_交易性国债投资_非司库_银行账户_1Y	1Y	Actual/360	国债到期收益率_1Y	20	金融市场部	\N	固定利率	
37	c5cee62d-0e70-4fda-9967-fe06812c8849	1_3_1_1_1_2_2_2	金融市场部_交易性国债投资_非司库_银行账户_3Y	3Y	Actual/360	国债到期收益率_3Y	21	金融市场部	\N	固定利率	
38	c1e32e7e-fca5-4276-bdc3-4fb3b13ef7d5	1_3_1_1_1_2_2_3	金融市场部_交易性国债投资_非司库_银行账户_5Y	5Y	Actual/360	国债到期收益率_5Y	22	金融市场部	\N	固定利率	
39	2bf79516-af04-43bd-9869-4ae671fbc6e7	1_3_1_1_1_2_2_4	金融市场部_交易性国债投资_非司库_银行账户_10Y	10Y	Actual/360	国债到期收益率_10Y	23	金融市场部	\N	固定利率	
40	420af75f-0e76-4ebf-b327-91cb7e3b3993	1_3_1_1_2_1_1	金融市场部_交易性央票投资_司库_1Y	1Y	Actual/360	国债到期收益率_1Y	20	金融市场部	\N	固定利率	
41	1cad0e46-59ab-4d78-818f-d9df857aef0d	1_3_1_1_2_1_2	金融市场部_交易性央票投资_司库_3Y	3Y	Actual/360	国债到期收益率_3Y	21	金融市场部	\N	固定利率	
42	f7f1fecd-c220-4812-98f2-215c10df4363	1_3_1_1_2_1_3	金融市场部_交易性央票投资_司库_5Y	5Y	Actual/360	国债到期收益率_5Y	22	金融市场部	\N	固定利率	
43	dc1e3f6e-f0de-4e9a-a3dc-85c166c07b90	1_3_1_1_2_1_4	金融市场部_交易性央票投资_司库_10Y	10Y	Actual/360	国债到期收益率_10Y	23	金融市场部	\N	固定利率	
44	6148206a-bb2c-497a-9d29-ed8cd0084607	1_3_1_1_2_2_1_1	金融市场部_交易性央票投资_非司库_交易账户_1Y	1Y	Actual/360	国债到期收益率_1Y	20	金融市场部	\N	固定利率	
45	10830178-cd59-46f8-9652-7686b5e2ee1a	1_3_1_1_2_2_1_2	金融市场部_交易性央票投资_非司库_交易账户_3Y	3Y	Actual/360	国债到期收益率_3Y	21	金融市场部	\N	固定利率	
46	d9c49c3a-deef-4f41-8001-18d22ba7e921	1_3_1_1_2_2_1_3	金融市场部_交易性央票投资_非司库_交易账户_5Y	5Y	Actual/360	国债到期收益率_5Y	22	金融市场部	\N	固定利率	
47	2dbdcdce-2e61-4f28-a7e1-1c11c5e074ef	1_3_1_1_2_2_1_4	金融市场部_交易性央票投资_非司库_交易账户_10Y	10Y	Actual/360	国债到期收益率_10Y	23	金融市场部	\N	固定利率	
48	546e47e6-6898-49ab-b14f-aadf5b0add1a	1_3_1_1_2_2_2_1	金融市场部_交易性央票投资_非司库_银行账户_1Y	1Y	Actual/360	国债到期收益率_1Y	20	金融市场部	\N	固定利率	
49	1f98a5c2-dc59-4092-99f2-1f3a6aa7bffb	1_3_1_1_2_2_2_2	金融市场部_交易性央票投资_非司库_银行账户_3Y	3Y	Actual/360	国债到期收益率_3Y	21	金融市场部	\N	固定利率	
50	b3964d21-7e4a-45f1-91fb-281255ba6cb9	1_3_1_1_2_2_2_3	金融市场部_交易性央票投资_非司库_银行账户_5Y	5Y	Actual/360	国债到期收益率_5Y	22	金融市场部	\N	固定利率	
51	ab7987fd-f10a-4215-a4d5-ebea7a70513e	1_3_1_1_2_2_2_4	金融市场部_交易性央票投资_非司库_银行账户_10Y	10Y	Actual/360	国债到期收益率_10Y	23	金融市场部	\N	固定利率	
52	46cdb0eb-8bce-473b-afef-4336182524b6	1_3_1_1_3_1_1	金融市场部_交易性地方政府债投资_司库_1Y	1Y	Actual/360	地方政府债收益率曲线_AAA_1Y	24	金融市场部	\N	固定利率	
53	970661a8-0a73-4cbe-b766-0175690acb94	1_3_1_1_3_1_2	金融市场部_交易性地方政府债投资_司库_3Y	3Y	Actual/360	地方政府债收益率曲线_AAA_3Y	25	金融市场部	\N	固定利率	
54	33dda6bf-71f2-4b32-9a4d-2a29cbd24417	1_3_1_1_3_1_3	金融市场部_交易性地方政府债投资_司库_5Y	5Y	Actual/360	地方政府债收益率曲线_AAA_5Y	26	金融市场部	\N	固定利率	
55	01935eb7-c393-4842-b5bc-622aecb00a79	1_3_1_1_3_1_4	金融市场部_交易性地方政府债投资_司库_10Y	10Y	Actual/360	地方政府债收益率曲线_AAA_10Y	27	金融市场部	\N	固定利率	
56	737b714d-43a3-4994-ba4f-33353f2e2945	1_3_1_1_3_2_1_1	金融市场部_交易性地方政府债投资_非司库_交易账户_1Y	1Y	Actual/360	地方政府债收益率曲线_AAA_1Y	24	金融市场部	\N	固定利率	
57	68f00ea2-19db-47b9-8db2-10a3d987f37c	1_3_1_1_3_2_1_2	金融市场部_交易性地方政府债投资_非司库_交易账户_3Y	3Y	Actual/360	地方政府债收益率曲线_AAA_3Y	25	金融市场部	\N	固定利率	
58	b43aa20f-6a12-45ba-a37a-409e08c0e643	1_3_1_1_3_2_1_3	金融市场部_交易性地方政府债投资_非司库_交易账户_5Y	5Y	Actual/360	地方政府债收益率曲线_AAA_5Y	26	金融市场部	\N	固定利率	
59	8601cf75-011c-44e9-9ad1-d56d8f5d33e8	1_3_1_1_3_2_1_4	金融市场部_交易性地方政府债投资_非司库_交易账户_10Y	10Y	Actual/360	地方政府债收益率曲线_AAA_10Y	27	金融市场部	\N	固定利率	
60	4d283aba-8a52-4efd-9a9e-1864f70bf306	1_3_1_1_3_2_2_1	金融市场部_交易性地方政府债投资_非司库_银行账户_1Y	1Y	Actual/360	地方政府债收益率曲线_AAA_1Y	24	金融市场部	\N	固定利率	
61	c3e92f98-8cc0-414d-b13c-302e266aa47f	1_3_1_1_3_2_2_2	金融市场部_交易性地方政府债投资_非司库_银行账户_3Y	3Y	Actual/360	地方政府债收益率曲线_AAA_3Y	25	金融市场部	\N	固定利率	
62	f763d9f6-78d8-49f1-aa3f-5be4b732322a	1_3_1_1_3_2_2_3	金融市场部_交易性地方政府债投资_非司库_银行账户_5Y	5Y	Actual/360	地方政府债收益率曲线_AAA_5Y	26	金融市场部	\N	固定利率	
63	592e52ba-5625-43a1-9fea-d67d7109f1ce	1_3_1_1_3_2_2_4	金融市场部_交易性地方政府债投资_非司库_银行账户_10Y	10Y	Actual/360	地方政府债收益率曲线_AAA_10Y	27	金融市场部	\N	固定利率	
64	1df5b2d8-e366-4870-87e5-f8df1e9d7ad8	1_3_1_1_4_1_1	金融市场部_交易性政策性金融债投资_ 司库_1Y	1Y	Actual/360	国开债收益率曲线_1Y	28	金融市场部	\N	固定利率	
65	fb993c92-1de4-410a-9d73-96f0731830a7	1_3_1_1_4_1_2	金融市场部_交易性政策性金融债投资_ 司库_3Y	3Y	Actual/360	国开债收益率曲线_3Y	29	金融市场部	\N	固定利率	
66	16e10db6-591f-4d21-a957-c73df002e7e8	1_3_1_1_4_1_3	金融市场部_交易性政策性金融债投资_ 司库_5Y	5Y	Actual/360	国开债收益率曲线_5Y	30	金融市场部	\N	固定利率	
67	d662ebfd-9dac-49b3-9a27-d53841dd5a22	1_3_1_1_4_1_4	金融市场部_交易性政策性金融债投资_ 司库_10Y	10Y	Actual/360	国开债收益率曲线_10Y	31	金融市场部	\N	固定利率	
68	030670f8-ffaa-4792-8778-1a38db1ab44c	1_3_1_1_4_2_1_1	金融市场部_交易性政策性金融债投资_非司库_交易账户_1Y	1Y	Actual/360	国开债收益率曲线_1Y	28	金融市场部	\N	固定利率	
69	805ac2ed-4aea-426c-b117-2bf2491859a3	1_3_1_1_4_2_1_2	金融市场部_交易性政策性金融债投资_非司库_交易账户_3Y	3Y	Actual/360	国开债收益率曲线_3Y	29	金融市场部	\N	固定利率	
70	9251394c-c7c7-4feb-947b-0f5ac3e1f3df	1_3_1_1_4_2_1_3	金融市场部_交易性政策性金融债投资_非司库_交易账户_5Y	5Y	Actual/360	国开债收益率曲线_5Y	30	金融市场部	\N	固定利率	
71	0ab5312e-7d69-493a-a07e-f5b35ecd2f1d	1_3_1_1_4_2_1_4	金融市场部_交易性政策性金融债投资_非司库_交易账户_10Y	10Y	Actual/360	国开债收益率曲线_10Y	31	金融市场部	\N	固定利率	
72	0be3a7f2-5aad-4df8-95d4-5e125398d3cc	1_3_1_1_4_2_2_1	金融市场部_交易性政策性金融债投资_非司库_银行账户_1Y	1Y	Actual/360	国开债收益率曲线_1Y	28	金融市场部	\N	固定利率	
73	c40d328c-3895-4160-9355-e5aaa4881fb8	1_3_1_1_4_2_2_2	金融市场部_交易性政策性金融债投资_非司库_银行账户_3Y	3Y	Actual/360	国开债收益率曲线_3Y	29	金融市场部	\N	固定利率	
74	c29af24c-51f1-4d15-81ec-7adac71e4df6	1_3_1_1_4_2_2_3	金融市场部_交易性政策性金融债投资_非司库_银行账户_5Y	5Y	Actual/360	国开债收益率曲线_5Y	30	金融市场部	\N	固定利率	
75	f6b2bbc4-b456-497a-8b08-431ceb82d957	1_3_1_1_4_2_2_4	金融市场部_交易性政策性金融债投资_非司库_银行账户_10Y	10Y	Actual/360	国开债收益率曲线_10Y	31	金融市场部	\N	固定利率	
76	d7270f73-0a92-4dbb-a8f3-7d0385553c74	1_3_1_1_5_1_1	金融市场部_交易性商业银行债投资_司库_1Y	1Y	Actual/360	商业银行普通金融债到期收益率_AAA_1Y	32	金融市场部	\N	固定利率	
77	68dca1c3-77d0-4376-b467-c398a8d269f3	1_3_1_1_5_1_2	金融市场部_交易性商业银行债投资_司库_3Y	3Y	Actual/360	商业银行普通金融债到期收益率_AAA_3Y	33	金融市场部	\N	固定利率	
78	e83d2a48-69e5-4ed6-bb82-2c0efde35072	1_3_1_1_5_1_3	金融市场部_交易性商业银行债投资_司库_5Y	5Y	Actual/360	商业银行普通金融债到期收益率_AAA_5Y	34	金融市场部	\N	固定利率	
79	4415eb5d-ab03-40a4-bdf5-2580b40603cf	1_3_1_1_5_1_4	金融市场部_交易性商业银行债投资_司库_10Y	10Y	Actual/360	商业银行普通金融债到期收益率_AAA_10Y	35	金融市场部	\N	固定利率	
80	e2637d47-9a21-4c00-9afa-d1c4837ff577	1_3_1_1_5_2_1_1	金融市场部_交易性商业银行债投资_非司库_交易账户_1Y	1Y	Actual/360	商业银行普通金融债到期收益率_AAA_1Y	32	金融市场部	\N	固定利率	
81	68ddec53-4772-4f75-a763-43308c229409	1_3_1_1_5_2_1_2	金融市场部_交易性商业银行债投资_非司库_交易账户_3Y	3Y	Actual/360	商业银行普通金融债到期收益率_AAA_3Y	33	金融市场部	\N	固定利率	
82	10b6a76f-540f-4258-8a98-e096dd63992b	1_3_1_1_5_2_1_3	金融市场部_交易性商业银行债投资_非司库_交易账户_5Y	5Y	Actual/360	商业银行普通金融债到期收益率_AAA_5Y	34	金融市场部	\N	固定利率	
83	c3f87ec2-9136-4b23-9cd5-5aa72440c17e	1_3_1_1_5_2_1_4	金融市场部_交易性商业银行债投资_非司库_交易账户_10Y	10Y	Actual/360	商业银行普通金融债到期收益率_AAA_10Y	35	金融市场部	\N	固定利率	
84	b4717b99-5490-4283-ac14-82dc28c93ab8	1_3_1_1_5_2_2_1	金融市场部_交易性商业银行债投资_非司库_银行账户_1Y	1Y	Actual/360	商业银行普通金融债到期收益率_AAA_1Y	32	金融市场部	\N	固定利率	
85	5212f165-655f-4cd0-ae72-8b9f20537efe	1_3_1_1_5_2_2_2	金融市场部_交易性商业银行债投资_非司库_银行账户_3Y	3Y	Actual/360	商业银行普通金融债到期收益率_AAA_3Y	33	金融市场部	\N	固定利率	
86	03fadd25-9998-48d6-bcc0-fbe11203dc1f	1_3_1_1_5_2_2_3	金融市场部_交易性商业银行债投资_非司库_银行账户_5Y	5Y	Actual/360	商业银行普通金融债到期收益率_AAA_5Y	34	金融市场部	\N	固定利率	
87	c5361e28-a8e8-45e2-a89d-41f9b56afb51	1_3_1_1_5_2_2_4	金融市场部_交易性商业银行债投资_非司库_银行账户_10Y	10Y	Actual/360	商业银行普通金融债到期收益率_AAA_10Y	35	金融市场部	\N	固定利率	
88	178ae9cd-d60a-4bc4-8eb0-826188107ad8	1_3_1_1_6_1_1_1	金融市场部_交易性金融机构债投资_非司库_交易账户_1Y	1Y	Actual/360	商业银行普通金融债到期收益率_AAA_1Y	32	金融市场部	\N	固定利率	
89	9da576f6-720d-4306-83e4-941dd5a0acc2	1_3_1_1_6_1_1_2	金融市场部_交易性金融机构债投资_非司库_交易账户_3Y	3Y	Actual/360	商业银行普通金融债到期收益率_AAA_3Y	33	金融市场部	\N	固定利率	
90	ff798258-94c8-4401-b6df-8ff586adb799	1_3_1_1_6_1_1_3	金融市场部_交易性金融机构债投资_非司库_交易账户_5Y	5Y	Actual/360	商业银行普通金融债到期收益率_AAA_5Y	34	金融市场部	\N	固定利率	
91	b70d5c77-e5fd-4b1b-b76d-c6d803810620	1_3_1_1_6_1_1_4	金融市场部_交易性金融机构债投资_非司库_交易账户_10Y	10Y	Actual/360	商业银行普通金融债到期收益率_AAA_10Y	35	金融市场部	\N	固定利率	
92	e374c18d-1387-4c51-9841-5006518df2c8	1_3_1_1_6_1_2_1	金融市场部_交易性金融机构债投资_非司库_银行账户_1Y	1Y	Actual/360	商业银行普通金融债到期收益率_AAA_1Y	32	金融市场部	\N	固定利率	
93	b0396faa-946a-4945-941c-ce505a101347	1_3_1_1_6_1_2_2	金融市场部_交易性金融机构债投资_非司库_银行账户_3Y	3Y	Actual/360	商业银行普通金融债到期收益率_AAA_3Y	33	金融市场部	\N	固定利率	
94	34449b9f-1645-42c2-b360-492931290d5c	1_3_1_1_6_1_2_3	金融市场部_交易性金融机构债投资_非司库_银行账户_5Y	5Y	Actual/360	商业银行普通金融债到期收益率_AAA_5Y	34	金融市场部	\N	固定利率	
95	1e74b9b8-b90b-4afb-90ae-2d65b9d09f36	1_3_1_1_6_1_2_4	金融市场部_交易性金融机构债投资_非司库_银行账户_10Y	10Y	Actual/360	商业银行普通金融债到期收益率_AAA_10Y	35	金融市场部	\N	固定利率	
96	58a62aa6-90e5-4b8b-84f2-8b4c816b7cb4	1_3_1_1_7_1_1_1	金融市场部_交易性公司债投资_非司库_交易账户_1Y	1Y	Actual/360	企业收益率曲线AAA_1Y	36	金融市场部	\N	固定利率	
97	0acb67b8-bf83-415f-8536-cace717ce7aa	1_3_1_1_7_1_1_2	金融市场部_交易性公司债投资_非司库_交易账户_3Y	3Y	Actual/360	企业收益率曲线AAA_3Y	37	金融市场部	\N	固定利率	
98	c53a7a5a-f350-4d31-a306-86b3ab729467	1_3_1_1_7_1_1_3	金融市场部_交易性公司债投资_非司库_交易账户_5Y	5Y	Actual/360	企业收益率曲线AAA_5Y	38	金融市场部	\N	固定利率	
99	162cedab-66c2-4134-964a-a5d38088e102	1_3_1_1_7_1_1_4	金融市场部_交易性公司债投资_非司库_交易账户_10Y	10Y	Actual/360	企业收益率曲线AAA_10Y	39	金融市场部	\N	固定利率	
100	1eff5ddb-dc21-42da-ae51-10e8bc2b7b6f	1_3_1_1_7_1_2_1	金融市场部_交易性公司债投资_非司库_银行账户_1Y	1Y	Actual/360	企业收益率曲线AAA_1Y	36	金融市场部	\N	固定利率	
101	abe1829e-8b4f-4d88-b5d8-3ca3ac3bf143	1_3_1_1_7_1_2_2	金融市场部_交易性公司债投资_非司库_银行账户_3Y	3Y	Actual/360	企业收益率曲线AAA_3Y	37	金融市场部	\N	固定利率	
102	a57c6617-8ed9-4505-b789-2f6b05b36cac	1_3_1_1_7_1_2_3	金融市场部_交易性公司债投资_非司库_银行账户_5Y	5Y	Actual/360	企业收益率曲线AAA_5Y	38	金融市场部	\N	固定利率	
103	dee0063e-5b70-450f-906f-6c8032de188d	1_3_1_1_7_1_2_4	金融市场部_交易性公司债投资_非司库_银行账户_10Y	10Y	Actual/360	企业收益率曲线AAA_10Y	39	金融市场部	\N	固定利率	
104	4a7ab24b-7291-49c3-9764-cfe6fb2a7d38	1_3_1_1_8_1_1_1	金融市场部_交易性同业存单投资_非司库_交易账户_1M	1M	Actual/360	同业存单AAA到期收益率_1M	14	金融市场部	\N	固定利率	
105	1de2d65f-511b-4cb6-bf24-1519b0519af3	1_3_1_1_8_1_1_2	金融市场部_交易性同业存单投资_非司库_交易账户_3M	3M	Actual/360	同业存单AAA到期收益率_3M	15	金融市场部	\N	固定利率	
106	9820d27b-5bf7-4f6f-802c-eca635412e55	1_3_1_1_8_1_1_3	金融市场部_交易性同业存单投资_非司库_交易账户_6M	6M	Actual/360	同业存单AAA到期收益率_6M	16	金融市场部	\N	固定利率	
107	fc280d7b-4c68-4fba-9b33-0863c7c6a75c	1_3_1_1_8_1_1_4	金融市场部_交易性同业存单投资_非司库_交易账户_1Y	1Y	Actual/360	同业存单AAA到期收益率_1Y	18	金融市场部	\N	固定利率	
108	72deab05-ff4a-4e44-a09a-b3011ed9ecc1	1_3_1_1_8_1_2_1	金融市场部_交易性同业存单投资_非司库_银行账户_1M	1M	Actual/360	同业存单AAA到期收益率_1M	14	金融市场部	\N	固定利率	
109	8459cd3d-6d31-4c85-812a-191517562f8e	1_3_1_1_8_1_2_2	金融市场部_交易性同业存单投资_非司库_银行账户_3M	3M	Actual/360	同业存单AAA到期收益率_3M	15	金融市场部	\N	固定利率	
110	3974550b-7c83-4026-a6db-94611a8b0bca	1_3_1_1_8_1_2_3	金融市场部_交易性同业存单投资_非司库_银行账户_6M	6M	Actual/360	同业存单AAA到期收益率_6M	16	金融市场部	\N	固定利率	
111	59e5b2b2-4532-44c6-bd40-5864d50b4488	1_3_1_1_8_1_2_4	金融市场部_交易性同业存单投资_非司库_银行账户_1Y	1Y	Actual/360	同业存单AAA到期收益率_1Y	18	金融市场部	\N	固定利率	
112	528e8b13-07f8-4207-9df4-6ced06497ad0	1_3_1_1_9_1_1_1	金融市场部_交易性金融资产_其他_非司库_交易账户_1Y	1Y	Actual/360	零收益率曲线	1	金融市场部	\N	固定利率	
113	a938c4b1-cfac-40c6-9f1b-f5d96d43a5a9	1_3_1_1_9_1_1_2	金融市场部_交易性金融资产_其他_非司库_交易账户_3Y	3Y	Actual/360	零收益率曲线	1	金融市场部	\N	固定利率	
114	ce302d25-d293-4fc5-a946-fd834077b7f3	1_3_1_1_9_1_1_3	金融市场部_交易性金融资产_其他_非司库_交易账户_5Y	5Y	Actual/360	零收益率曲线	1	金融市场部	\N	固定利率	
115	155829e2-9d5f-43a1-a0b4-6d7d2cb35cae	1_3_1_1_9_1_2_1	金融市场部_交易性金融资产_其他_非司库_银行账户_1Y	1Y	Actual/360	零收益率曲线	1	金融市场部	\N	固定利率	
116	4f1e77d8-7543-4d6a-af93-68cd9677dca6	1_3_1_1_9_1_2_2	金融市场部_交易性金融资产_其他_非司库_银行账户_3Y	3Y	Actual/360	零收益率曲线	1	金融市场部	\N	固定利率	
117	5fc13f0e-fc96-4009-b8bb-3452e339ce58	1_3_1_1_9_1_2_3	金融市场部_交易性金融资产_其他_非司库_银行账户_5Y	5Y	Actual/360	零收益率曲线	1	金融市场部	\N	固定利率	
118	27432b6d-a123-4bcc-a22a-ff6eb674b216	1_3_1_2_1_1_1	金融市场部_其他债权投资_国债_司库_1Y	1Y	Actual/360	国债到期收益率_1Y	20	金融市场部	\N	固定利率	
119	8383dfb0-c373-472f-9c8c-d46d172ca908	1_3_1_2_1_1_2	金融市场部_其他债权投资_国债_司库_3Y	3Y	Actual/360	国债到期收益率_3Y	21	金融市场部	\N	固定利率	
120	b3a45130-cabf-4785-8aa5-35a8eaec06d4	1_3_1_2_1_1_3	金融市场部_其他债权投资_国债_司库_5Y	5Y	Actual/360	国债到期收益率_5Y	22	金融市场部	\N	固定利率	
121	aaba962c-13c0-4cdb-82e1-d102fac7eff5	1_3_1_2_1_1_4	金融市场部_其他债权投资_国债_司库_10Y	10Y	Actual/360	国债到期收益率_10Y	23	金融市场部	\N	固定利率	
122	2847de6a-8192-48b5-88f6-b9ca916fdb4c	1_3_1_2_1_2_1	金融市场部_其他债权投资_国债_非司库_1Y	1Y	Actual/360	国债到期收益率_1Y	20	金融市场部	\N	固定利率	
123	e91d518c-6da3-4e16-b417-e0f5a35457fc	1_3_1_2_1_2_2	金融市场部_其他债权投资_国债_非司库_3Y	3Y	Actual/360	国债到期收益率_3Y	21	金融市场部	\N	固定利率	
124	1aa9ccec-e9a3-4cec-86aa-8d7bcb3e8e43	1_3_1_2_1_2_3	金融市场部_其他债权投资_国债_非司库_5Y	5Y	Actual/360	国债到期收益率_5Y	22	金融市场部	\N	固定利率	
125	7894442b-a590-437d-bd27-7b8592465f17	1_3_1_2_1_2_4	金融市场部_其他债权投资_国债_非司库_10Y	10Y	Actual/360	国债到期收益率_10Y	23	金融市场部	\N	固定利率	
126	6e2b403f-5e1d-46f4-9cdf-3eaed5d91c8e	1_3_1_2_2_1_1	金融市场部_其他债权投资_央票_司库_1Y	1Y	Actual/360	国债到期收益率_1Y	20	金融市场部	\N	固定利率	
127	6505169a-6de4-4f31-8f0c-e528a420a79b	1_3_1_2_2_1_2	金融市场部_其他债权投资_央票_司库_3Y	3Y	Actual/360	国债到期收益率_3Y	21	金融市场部	\N	固定利率	
128	32ec705b-2518-4859-b2da-958187333f6f	1_3_1_2_2_1_3	金融市场部_其他债权投资_央票_司库_5Y	5Y	Actual/360	国债到期收益率_5Y	22	金融市场部	\N	固定利率	
129	f5f0ca98-af6f-4c0f-a818-23324467a9e9	1_3_1_2_2_1_4	金融市场部_其他债权投资_央票_司库_10Y	10Y	Actual/360	国债到期收益率_10Y	23	金融市场部	\N	固定利率	
130	991392c8-f443-4b0b-b1bb-b4d2e1922fec	1_3_1_2_2_2_1	金融市场部_其他债权投资_央票_非司库_1Y	1Y	Actual/360	国债到期收益率_1Y	20	金融市场部	\N	固定利率	
131	5105e26f-fa0b-4a37-bdd1-ca01a35e3fb0	1_3_1_2_2_2_2	金融市场部_其他债权投资_央票_非司库_3Y	3Y	Actual/360	国债到期收益率_3Y	21	金融市场部	\N	固定利率	
132	09d54fb1-4340-4eec-b3ee-7fc51515a28b	1_3_1_2_2_2_3	金融市场部_其他债权投资_央票_非司库_5Y	5Y	Actual/360	国债到期收益率_5Y	22	金融市场部	\N	固定利率	
133	3bac7bd7-09cf-405e-9947-31198da268aa	1_3_1_2_2_2_4	金融市场部_其他债权投资_央票_非司库_10Y	10Y	Actual/360	国债到期收益率_10Y	23	金融市场部	\N	固定利率	
134	1280637c-6526-4c43-9636-25249278ce83	1_3_1_2_3_1_1	金融市场部_其他债权投资_地方政府债_司库_1Y	1Y	Actual/360	地方政府债收益率曲线_AAA_1Y	24	金融市场部	\N	固定利率	
135	9a9ade35-2681-4a86-9d1f-3d78d88c0d78	1_3_1_2_3_1_2	金融市场部_其他债权投资_地方政府债_司库_3Y	3Y	Actual/360	地方政府债收益率曲线_AAA_3Y	25	金融市场部	\N	固定利率	
136	e1913cb2-fd65-4523-9587-6895b61bb756	1_3_1_2_3_1_3	金融市场部_其他债权投资_地方政府债_司库_5Y	5Y	Actual/360	地方政府债收益率曲线_AAA_5Y	26	金融市场部	\N	固定利率	
137	1de15a3a-e931-442a-8a0a-f19c673c9312	1_3_1_2_3_1_4	金融市场部_其他债权投资_地方政府债_司库_10Y	10Y	Actual/360	地方政府债收益率曲线_AAA_10Y	27	金融市场部	\N	固定利率	
138	d20308a8-9750-4f69-9680-ed5eeb279381	1_3_1_2_3_2_1	金融市场部_其他债权投资_地方政府债_非司库_1Y	1Y	Actual/360	地方政府债收益率曲线_AAA_1Y	24	金融市场部	\N	固定利率	
139	0724c79c-89c3-4ad7-a226-ea8c020810d2	1_3_1_2_3_2_2	金融市场部_其他债权投资_地方政府债_非司库_3Y	3Y	Actual/360	地方政府债收益率曲线_AAA_3Y	25	金融市场部	\N	固定利率	
140	69a00eac-7c88-4d73-b40a-32c635e2736a	1_3_1_2_3_2_3	金融市场部_其他债权投资_地方政府债_非司库_5Y	5Y	Actual/360	地方政府债收益率曲线_AAA_5Y	26	金融市场部	\N	固定利率	
141	f788fa36-7e3c-4fce-a417-ddbfc73364dd	1_3_1_2_3_2_4	金融市场部_其他债权投资_地方政府债_非司库_10Y	10Y	Actual/360	地方政府债收益率曲线_AAA_10Y	27	金融市场部	\N	固定利率	
142	1fe44ae6-3aad-49c7-b12d-fc9d9d9dcd9d	1_3_1_2_4_1_1	金融市场部_其他债权投资_政策性金融债_司库_1Y	1Y	Actual/360	国开债收益率曲线_1Y	28	金融市场部	\N	固定利率	
143	3d8fd63d-747c-4a11-b035-b59947271c62	1_3_1_2_4_1_2	金融市场部_其他债权投资_政策性金融债_司库_3Y	3Y	Actual/360	国开债收益率曲线_3Y	29	金融市场部	\N	固定利率	
144	b54299d1-b57a-416a-be9e-0ac211b8db3a	1_3_1_2_4_1_3	金融市场部_其他债权投资_政策性金融债_司库_5Y	5Y	Actual/360	国开债收益率曲线_5Y	30	金融市场部	\N	固定利率	
145	aea1469d-c23d-4e5c-b96e-627485f7b098	1_3_1_2_4_1_4	金融市场部_其他债权投资_政策性金融债_司库_10Y	10Y	Actual/360	国开债收益率曲线_10Y	31	金融市场部	\N	固定利率	
146	79ab6a24-3412-4b72-9f26-cfb3db2568ee	1_3_1_2_4_2_1	金融市场部_其他债权投资_政策性金融债_非司库_1Y	1Y	Actual/360	国开债收益率曲线_1Y	28	金融市场部	\N	固定利率	
147	6d7295a6-3011-4da9-b20f-b86bcd0eee1c	1_3_1_2_4_2_2	金融市场部_其他债权投资_政策性金融债_非司库_3Y	3Y	Actual/360	国开债收益率曲线_3Y	29	金融市场部	\N	固定利率	
148	3ed1735a-1985-40ef-ba1f-297c0329d357	1_3_1_2_4_2_3	金融市场部_其他债权投资_政策性金融债_非司库_5Y	5Y	Actual/360	国开债收益率曲线_5Y	30	金融市场部	\N	固定利率	
149	ccbb4714-11fc-4f4f-b0c4-23c7d420fe2b	1_3_1_2_4_2_4	金融市场部_其他债权投资_政策性金融债_非司库_10Y	10Y	Actual/360	国开债收益率曲线_10Y	31	金融市场部	\N	固定利率	
150	40971832-8135-4496-a1b0-d465d9ea8c54	1_3_1_2_5_1_1	金融市场部_其他债权投资_商业银行债_司库_1Y	1Y	Actual/360	商业银行普通金融债到期收益率_AAA_1Y	32	金融市场部	\N	固定利率	
151	e1b0c2ff-3c4c-428d-b885-1e95ad4dfb00	1_3_1_2_5_1_2	金融市场部_其他债权投资_商业银行债_司库_3Y	3Y	Actual/360	商业银行普通金融债到期收益率_AAA_3Y	33	金融市场部	\N	固定利率	
152	a9ed982d-9fe0-4782-b0dd-d2b8c7d5dee0	1_3_1_2_5_1_3	金融市场部_其他债权投资_商业银行债_司库_5Y	5Y	Actual/360	商业银行普通金融债到期收益率_AAA_5Y	34	金融市场部	\N	固定利率	
153	42c1a367-6005-4664-bdec-82c53ef8686d	1_3_1_2_5_1_4	金融市场部_其他债权投资_商业银行债_司库_10Y	10Y	Actual/360	商业银行普通金融债到期收益率_AAA_10Y	35	金融市场部	\N	固定利率	
154	5e30db69-b65a-48f6-9769-3b9d76e1960d	1_3_1_2_5_2_1	金融市场部_其他债权投资_商业银行债_非司库_1Y	1Y	Actual/360	商业银行普通金融债到期收益率_AAA_1Y	32	金融市场部	\N	固定利率	
155	9c7057c7-c7ab-41ff-8e07-a5d75ff9dd6d	1_3_1_2_5_2_2	金融市场部_其他债权投资_商业银行债_非司库_3Y	3Y	Actual/360	商业银行普通金融债到期收益率_AAA_3Y	33	金融市场部	\N	固定利率	
156	68846a8c-15b2-4378-9752-1f73839dbd88	1_3_1_2_5_2_3	金融市场部_其他债权投资_商业银行债_非司库_5Y	5Y	Actual/360	商业银行普通金融债到期收益率_AAA_5Y	34	金融市场部	\N	固定利率	
157	5c3fd355-783a-4614-ad46-5c0b9b89e6f7	1_3_1_2_5_2_4	金融市场部_其他债权投资_商业银行债_非司库_10Y	10Y	Actual/360	商业银行普通金融债到期收益率_AAA_10Y	35	金融市场部	\N	固定利率	
158	e784b119-3f34-4bfc-bb54-b8f31d512ca8	1_3_1_2_6_1_1	金融市场部_其他债权投资_金融机构债_非司库_1Y	1Y	Actual/360	商业银行普通金融债到期收益率_AAA_1Y	32	金融市场部	\N	固定利率	
159	a924176c-d681-4b42-b760-c12ef88bd846	1_3_1_2_6_1_2	金融市场部_其他债权投资_金融机构债_非司库_3Y	3Y	Actual/360	商业银行普通金融债到期收益率_AAA_3Y	33	金融市场部	\N	固定利率	
160	e65848b9-a989-42eb-a14d-064bcc048101	1_3_1_2_6_1_3	金融市场部_其他债权投资_金融机构债_非司库_5Y	5Y	Actual/360	商业银行普通金融债到期收益率_AAA_5Y	34	金融市场部	\N	固定利率	
161	d4c7f7db-be0e-4eab-9683-586303bc3a17	1_3_1_2_6_1_4	金融市场部_其他债权投资_金融机构债_非司库_10Y	10Y	Actual/360	商业银行普通金融债到期收益率_AAA_10Y	35	金融市场部	\N	固定利率	
162	ac7f9bd4-0f53-4a1d-8de0-1cdd07ddd520	1_3_1_2_7_1_1	金融市场部_其他债权投资_公司债_非司库_1Y	1Y	Actual/360	企业收益率曲线AAA_1Y	36	金融市场部	\N	固定利率	
163	27890237-2af9-4f24-bd48-32f276b2e87b	1_3_1_2_7_1_2	金融市场部_其他债权投资_公司债_非司库_3Y	3Y	Actual/360	企业收益率曲线AAA_3Y	37	金融市场部	\N	固定利率	
164	68054113-ba60-49fe-8220-959b2d3965a0	1_3_1_2_7_1_3	金融市场部_其他债权投资_公司债_非司库_5Y	5Y	Actual/360	企业收益率曲线AAA_5Y	38	金融市场部	\N	固定利率	
165	95e5267a-d691-4c64-b548-7bf4475783b8	1_3_1_2_7_1_4	金融市场部_其他债权投资_公司债_非司库_10Y	10Y	Actual/360	企业收益率曲线AAA_10Y	39	金融市场部	\N	固定利率	
166	6210b3a1-0b7f-44a4-8914-69742a587bd8	1_3_1_2_8_1_1	金融市场部_其他债权投资_同业存单债_非司库_1M	1M	Actual/360	同业存单AAA到期收益率_1M	14	金融市场部	\N	固定利率	
167	422bd933-df11-431d-b6fd-92c42dc9aaa7	1_3_1_2_8_1_2	金融市场部_其他债权投资_同业存单债_非司库_3M	3M	Actual/360	同业存单AAA到期收益率_3M	15	金融市场部	\N	固定利率	
168	592fb49f-ab9d-4b02-9478-5203e8974c9d	1_3_1_2_8_1_3	金融市场部_其他债权投资_同业存单债_非司库_6M	6M	Actual/360	同业存单AAA到期收益率_6M	16	金融市场部	\N	固定利率	
169	666079c5-5d53-4d97-a949-2de934036b8b	1_3_1_2_8_1_4	金融市场部_其他债权投资_同业存单债_非司库_1Y	1Y	Actual/360	同业存单AAA到期收益率_1Y	18	金融市场部	\N	固定利率	
170	37a067a8-95ac-44e7-bd7b-0ca73356e722	1_3_1_2_9_1_1	金融市场部_其他债权投资_其他_非司库_1Y	1Y	Actual/360	零收益率曲线	1	金融市场部	\N	固定利率	
171	9bfdd023-4dcc-42c6-957b-66e3c1156743	1_3_1_2_9_1_2	金融市场部_其他债权投资_其他_非司库_3Y	3Y	Actual/360	零收益率曲线	1	金融市场部	\N	固定利率	
172	43af127a-0482-44ad-89d5-87df5c6662b0	1_3_1_2_9_1_3	金融市场部_其他债权投资_其他_非司库_5Y	5Y	Actual/360	零收益率曲线	1	金融市场部	\N	固定利率	
173	683931ff-b624-4377-8f07-8702c3e47e75	1_3_1_3_1_1_1	金融市场部_债权投资_国债_司库_1Y	1Y	Actual/360	国债到期收益率_1Y	20	金融市场部	\N	固定利率	
174	8c1f838d-ae15-42b0-8138-5d7b7bb7bd29	1_3_1_3_1_1_2	金融市场部_债权投资_国债_司库_3Y	3Y	Actual/360	国债到期收益率_3Y	21	金融市场部	\N	固定利率	
175	c4bf7ba1-7613-48f4-99b3-1660c7fbf82c	1_3_1_3_1_1_3	金融市场部_债权投资_国债_司库_5Y	5Y	Actual/360	国债到期收益率_5Y	22	金融市场部	\N	固定利率	
176	d4b2cb80-8057-4282-94e5-73d3165ac924	1_3_1_3_1_1_4	金融市场部_债权投资_国债_司库_10Y	10Y	Actual/360	国债到期收益率_10Y	23	金融市场部	\N	固定利率	
177	33c93da8-6a18-47e2-91a9-ef8b95e3b69b	1_3_1_3_1_2_1	金融市场部_债权投资_国债_非司库_1Y	1Y	Actual/360	国债到期收益率_1Y	20	金融市场部	\N	固定利率	
178	558907dd-24a9-4c9f-bf26-a30db22457f0	1_3_1_3_1_2_2	金融市场部_债权投资_国债_非司库_3Y	3Y	Actual/360	国债到期收益率_3Y	21	金融市场部	\N	固定利率	
179	4e2705f9-0a85-4d9c-a9cf-ba1a51b61401	1_3_1_3_1_2_3	金融市场部_债权投资_国债_非司库_5Y	5Y	Actual/360	国债到期收益率_5Y	22	金融市场部	\N	固定利率	
180	76eef6aa-0d9a-483b-b8ef-e94ec29836f2	1_3_1_3_1_2_4	金融市场部_债权投资_国债_非司库_10Y	10Y	Actual/360	国债到期收益率_10Y	23	金融市场部	\N	固定利率	
181	6cb99a33-8c6c-4d7b-b626-b39912ecc29c	1_3_1_3_2_1_1	金融市场部_债权投资_央票_司库_1Y	1Y	Actual/360	国债到期收益率_1Y	20	金融市场部	\N	固定利率	
182	8191da07-0274-4887-93b9-8aa16fe6760f	1_3_1_3_2_1_2	金融市场部_债权投资_央票_司库_3Y	3Y	Actual/360	国债到期收益率_3Y	21	金融市场部	\N	固定利率	
183	8fca123b-a39a-4bd5-86f5-de1b185f4088	1_3_1_3_2_1_3	金融市场部_债权投资_央票_司库_5Y	5Y	Actual/360	国债到期收益率_5Y	22	金融市场部	\N	固定利率	
184	6001b285-dbfd-4f90-a8f9-38c4f9b7f679	1_3_1_3_2_1_4	金融市场部_债权投资_央票_司库_10Y	10Y	Actual/360	国债到期收益率_10Y	23	金融市场部	\N	固定利率	
185	c0f91101-d26f-4fee-abd4-3508bcc64bcf	1_3_1_3_2_2_1	金融市场部_债权投资_央票_非司库_1Y	1Y	Actual/360	国债到期收益率_1Y	20	金融市场部	\N	固定利率	
186	569416d0-af33-49e6-9442-dc69134da670	1_3_1_3_2_2_2	金融市场部_债权投资_央票_非司库_3Y	3Y	Actual/360	国债到期收益率_3Y	21	金融市场部	\N	固定利率	
187	5fad97a6-4c38-483d-b3cd-e080106a3cac	1_3_1_3_2_2_3	金融市场部_债权投资_央票_非司库_5Y	5Y	Actual/360	国债到期收益率_5Y	22	金融市场部	\N	固定利率	
188	63eb64d7-e43e-4293-a821-3f0f2be2bf6b	1_3_1_3_2_2_4	金融市场部_债权投资_央票_非司库_10Y	10Y	Actual/360	国债到期收益率_10Y	23	金融市场部	\N	固定利率	
189	d015594c-b721-46aa-8e8c-0514774843b2	1_3_1_3_3_1_1	金融市场部_债权投资_地方政府债_司库_1Y	1Y	Actual/360	地方政府债收益率曲线_AAA_1Y	24	金融市场部	\N	固定利率	
190	3bb28741-435e-4f03-8782-e73f37440410	1_3_1_3_3_1_2	金融市场部_债权投资_地方政府债_司库_3Y	3Y	Actual/360	地方政府债收益率曲线_AAA_3Y	25	金融市场部	\N	固定利率	
191	3cd7bc0b-ce90-4fae-85c7-639a701a1a88	1_3_1_3_3_1_3	金融市场部_债权投资_地方政府债_司库_5Y	5Y	Actual/360	地方政府债收益率曲线_AAA_5Y	26	金融市场部	\N	固定利率	
192	e8c254ba-8624-4af1-a912-ce7e93e6a187	1_3_1_3_3_1_4	金融市场部_债权投资_地方政府债_司库_10Y	10Y	Actual/360	地方政府债收益率曲线_AAA_10Y	27	金融市场部	\N	固定利率	
193	8f109e6c-9427-4aa4-b3a4-ec3f997ebfd1	1_3_1_3_3_2_1	金融市场部_债权投资_地方政府债_非司库_1Y	1Y	Actual/360	地方政府债收益率曲线_AAA_1Y	24	金融市场部	\N	固定利率	
194	3e92f7f9-0752-4e3b-b0c2-d088f7042f66	1_3_1_3_3_2_2	金融市场部_债权投资_地方政府债_非司库_3Y	3Y	Actual/360	地方政府债收益率曲线_AAA_3Y	25	金融市场部	\N	固定利率	
195	4c9857e3-5079-430a-80e7-31276e7047ae	1_3_1_3_3_2_3	金融市场部_债权投资_地方政府债_非司库_5Y	5Y	Actual/360	地方政府债收益率曲线_AAA_5Y	26	金融市场部	\N	固定利率	
196	a95ca425-d867-4571-925c-b8272d74852a	1_3_1_3_3_2_4	金融市场部_债权投资_地方政府债_非司库_10Y	10Y	Actual/360	地方政府债收益率曲线_AAA_10Y	27	金融市场部	\N	固定利率	
197	de357c64-13b5-4ec8-afa7-b44cdf8bd099	1_3_1_3_4_1_1	金融市场部_债权投资_政策性金融债_司库_1Y	1Y	Actual/360	国开债收益率曲线_1Y	28	金融市场部	\N	固定利率	
198	ce92511b-861a-4877-a93a-f99bba00f21d	1_3_1_3_4_1_2	金融市场部_债权投资_政策性金融债_司库_3Y	3Y	Actual/360	国开债收益率曲线_3Y	29	金融市场部	\N	固定利率	
199	93b7b80e-b3ff-479f-9b47-a5791076c419	1_3_1_3_4_1_3	金融市场部_债权投资_政策性金融债_司库_5Y	5Y	Actual/360	国开债收益率曲线_5Y	30	金融市场部	\N	固定利率	
200	dc1eba2f-ad88-4c0d-8543-bef4285d7092	1_3_1_3_4_1_4	金融市场部_债权投资_政策性金融债_司库_10Y	10Y	Actual/360	国开债收益率曲线_10Y	31	金融市场部	\N	固定利率	
201	c525a8f2-6e16-4bef-8cdc-eabc65cf5567	1_3_1_3_4_2_1	金融市场部_债权投资_政策性金融债_非司库_1Y	1Y	Actual/360	国开债收益率曲线_1Y	28	金融市场部	\N	固定利率	
202	20e2e177-ba79-458f-8220-811d0d02d130	1_3_1_3_4_2_2	金融市场部_债权投资_政策性金融债_非司库_3Y	3Y	Actual/360	国开债收益率曲线_3Y	29	金融市场部	\N	固定利率	
203	410cd01e-8224-4b98-96db-867f39e0b14b	1_3_1_3_4_2_3	金融市场部_债权投资_政策性金融债_非司库_5Y	5Y	Actual/360	国开债收益率曲线_5Y	30	金融市场部	\N	固定利率	
204	3d111cd6-64aa-4c34-87b3-a032d57de740	1_3_1_3_4_2_4	金融市场部_债权投资_政策性金融债_非司库_10Y	10Y	Actual/360	国开债收益率曲线_10Y	31	金融市场部	\N	固定利率	
205	8c5ac50e-300a-4dc7-963a-0e6bd9e062cc	1_3_1_3_5_1_1	金融市场部_债权投资_商业银行债_司库_1Y	1Y	Actual/360	商业银行普通金融债到期收益率_AAA_1Y	32	金融市场部	\N	固定利率	
206	7f618c9f-fef6-48cf-a770-0c918f3da3fc	1_3_1_3_5_1_2	金融市场部_债权投资_商业银行债_司库_3Y	3Y	Actual/360	商业银行普通金融债到期收益率_AAA_3Y	33	金融市场部	\N	固定利率	
207	1f8e1b35-c961-44b4-b63e-f4d7678b4c8d	1_3_1_3_5_1_3	金融市场部_债权投资_商业银行债_司库_5Y	5Y	Actual/360	商业银行普通金融债到期收益率_AAA_5Y	34	金融市场部	\N	固定利率	
208	d7637234-217f-4e34-8af6-cbf2ea4610e8	1_3_1_3_5_1_4	金融市场部_债权投资_商业银行债_司库_10Y	10Y	Actual/360	商业银行普通金融债到期收益率_AAA_10Y	35	金融市场部	\N	固定利率	
209	1a6e02a3-c1b9-434a-acc0-90fda47afecf	1_3_1_3_5_2_1	金融市场部_债权投资_商业银行债_非司库_1Y	1Y	Actual/360	商业银行普通金融债到期收益率_AAA_1Y	32	金融市场部	\N	固定利率	
210	21eb40c4-e68b-4e8a-941e-662532ac9ab1	1_3_1_3_5_2_2	金融市场部_债权投资_商业银行债_非司库_3Y	3Y	Actual/360	商业银行普通金融债到期收益率_AAA_3Y	33	金融市场部	\N	固定利率	
211	53c65cdb-d8c6-411b-8db4-9b0b8fdcd7fd	1_3_1_3_5_2_3	金融市场部_债权投资_商业银行债_非司库_5Y	5Y	Actual/360	商业银行普通金融债到期收益率_AAA_5Y	34	金融市场部	\N	固定利率	
212	47217b50-385b-4e1a-a8cf-82462e531e18	1_3_1_3_5_2_4	金融市场部_债权投资_商业银行债_非司库_10Y	10Y	Actual/360	商业银行普通金融债到期收益率_AAA_10Y	35	金融市场部	\N	固定利率	
213	74bebea2-ef4d-40e2-a7c0-cb8a69b7978e	1_3_1_3_6_1_1	金融市场部_债权投资_金融机构债_非司库_1Y	1Y	Actual/360	商业银行普通金融债到期收益率_AAA_1Y	32	金融市场部	\N	固定利率	
214	8bd00e50-9a94-40d9-9ee4-3c55cf2199cd	1_3_1_3_6_1_2	金融市场部_债权投资_金融机构债_非司库_3Y	3Y	Actual/360	商业银行普通金融债到期收益率_AAA_3Y	33	金融市场部	\N	固定利率	
215	7d1b7576-cc47-4d1b-8958-efbdc5ccf0e9	1_3_1_3_6_1_3	金融市场部_债权投资_金融机构债_非司库_5Y	5Y	Actual/360	商业银行普通金融债到期收益率_AAA_5Y	34	金融市场部	\N	固定利率	
216	0aa944f2-d0a2-429a-83c2-323dc73ea8bf	1_3_1_3_6_1_4	金融市场部_债权投资_金融机构债_非司库_10Y	10Y	Actual/360	商业银行普通金融债到期收益率_AAA_10Y	35	金融市场部	\N	固定利率	
217	a19a6b89-b562-4993-b5de-9e36a50253ec	1_3_1_3_7_1_1	金融市场部_债权投资_公司债_非司库_1Y	1Y	Actual/360	企业收益率曲线AAA_1Y	36	金融市场部	\N	固定利率	
218	b55b4f6a-db6e-4add-add7-89e9921c2f7c	1_3_1_3_7_1_2	金融市场部_债权投资_公司债_非司库_3Y	3Y	Actual/360	企业收益率曲线AAA_3Y	37	金融市场部	\N	固定利率	
219	29ee28e2-326b-416f-849f-220ade58a7d6	1_3_1_3_7_1_3	金融市场部_债权投资_公司债_非司库_5Y	5Y	Actual/360	企业收益率曲线AAA_5Y	38	金融市场部	\N	固定利率	
220	bca9a41e-74ad-4f63-9212-ccf75a40935b	1_3_1_3_7_1_4	金融市场部_债权投资_公司债_非司库_10Y	10Y	Actual/360	企业收益率曲线AAA_10Y	39	金融市场部	\N	固定利率	
221	96bc00ee-548d-4083-9812-15b7c9dae1bd	1_3_1_3_8_1_1	金融市场部_债权投资_同业存单债_非司库_1M	1M	Actual/360	同业存单AAA到期收益率_1M	14	金融市场部	\N	固定利率	
222	cb0cda4f-58f8-462a-be25-a520170f9e68	1_3_1_3_8_1_2	金融市场部_债权投资_同业存单债_非司库_3M	3M	Actual/360	同业存单AAA到期收益率_3M	15	金融市场部	\N	固定利率	
223	2e33398d-7756-4b5e-9088-742963e6c412	1_3_1_3_8_1_3	金融市场部_债权投资_同业存单债_非司库_6M	6M	Actual/360	同业存单AAA到期收益率_6M	16	金融市场部	\N	固定利率	
224	dd12a8ff-d266-4f82-b4d6-df01e892c2be	1_3_1_3_8_1_4	金融市场部_债权投资_同业存单债_非司库_1Y	1Y	Actual/360	同业存单AAA到期收益率_1Y	18	金融市场部	\N	固定利率	
225	d92ade20-70f7-4d4b-83ef-ae006d4863e4	1_3_1_3_9_1_1	金融市场部_债权投资_其他_非司库_1Y	1Y	Actual/360	零收益率曲线	1	金融市场部	\N	固定利率	
226	7000e038-3133-4caf-993d-dc32ac6c2f53	1_3_1_3_9_1_2	金融市场部_债权投资_其他_非司库_3Y	3Y	Actual/360	零收益率曲线	1	金融市场部	\N	固定利率	
227	9ecff068-6394-4f96-8d6a-c13368f5359c	1_3_1_3_9_1_3	金融市场部_债权投资_其他_非司库_5Y	5Y	Actual/360	零收益率曲线	1	金融市场部	\N	固定利率	
228	94073d0e-8037-4419-9e16-68edc12099bd	1_3_1_4_1	金融市场部_其他权益工具投资_司库_5Y	5Y	Actual/360	零收益率曲线	1	金融市场部	\N	固定利率	
229	97e23ae7-783e-4618-9915-c4d62e968164	1_3_1_4_2	金融市场部_其他权益工具投资_非司库_5Y	5Y	Actual/360	零收益率曲线	1	金融市场部	\N	固定利率	
230	10a4fbcd-ae94-4d1f-b171-35f9837e6a5b	1_3_2_1_1_1_1	投资银行部_交易性政策性金融债投资_交易账户_1Y	1Y	Actual/360	国开债收益率曲线_1Y	28	投资银行部	\N	固定利率	
231	a313512a-ddd9-41be-a991-035435db862e	1_3_2_1_1_1_2	投资银行部_交易性政策性金融债投资_交易账户_3Y	3Y	Actual/360	国开债收益率曲线_3Y	29	投资银行部	\N	固定利率	
232	a64c4577-9f60-4012-9cce-af5291ec07c4	1_3_2_1_1_1_3	投资银行部_交易性政策性金融债投资_交易账户_5Y	5Y	Actual/360	国开债收益率曲线_5Y	30	投资银行部	\N	固定利率	
233	32c504be-e246-43bf-8d15-3a481f7fce10	1_3_2_1_1_1_4	投资银行部_交易性政策性金融债投资_交易账户_10Y	10Y	Actual/360	国开债收益率曲线_10Y	31	投资银行部	\N	固定利率	
234	c578e994-c803-4601-a58f-8a158f194bfc	1_3_2_1_1_2_1	投资银行部_交易性政策性金融债投资_银行账户_1Y	1Y	Actual/360	国开债收益率曲线_1Y	28	投资银行部	\N	固定利率	
235	33569cb9-efd0-4f29-a075-49fe425a20f8	1_3_2_1_1_2_2	投资银行部_交易性政策性金融债投资_银行账户_3Y	3Y	Actual/360	国开债收益率曲线_3Y	29	投资银行部	\N	固定利率	
236	aa3f0bd3-7f41-4223-af2b-4a06657daa65	1_3_2_1_1_2_3	投资银行部_交易性政策性金融债投资_银行账户_5Y	5Y	Actual/360	国开债收益率曲线_5Y	30	投资银行部	\N	固定利率	
237	373bd35f-5c8c-46a1-9ca3-302f1c1069f1	1_3_2_1_1_2_4	投资银行部_交易性政策性金融债投资_银行账户_10Y	10Y	Actual/360	国开债收益率曲线_10Y	31	投资银行部	\N	固定利率	
238	4f2b6b28-a81b-460c-b086-561aab47e507	1_3_2_1_2_1_1	投资银行部_交易性商业银行债投资_交易账户_1Y	1Y	Actual/360	商业银行普通金融债到期收益率_AAA_1Y	32	投资银行部	\N	固定利率	
239	b9790d82-0b3a-451f-8cf2-cf406f98f128	1_3_2_1_2_1_2	投资银行部_交易性商业银行债投资_交易账户_3Y	3Y	Actual/360	商业银行普通金融债到期收益率_AAA_3Y	33	投资银行部	\N	固定利率	
240	8339bffb-1ec8-4c86-85c3-5db96d00f138	1_3_2_1_2_1_3	投资银行部_交易性商业银行债投资_交易账户_5Y	5Y	Actual/360	商业银行普通金融债到期收益率_AAA_5Y	34	投资银行部	\N	固定利率	
241	5397c335-c3c6-403b-ab3d-361d5d4e8e56	1_3_2_1_2_1_4	投资银行部_交易性商业银行债投资_交易账户_10Y	10Y	Actual/360	商业银行普通金融债到期收益率_AAA_10Y	35	投资银行部	\N	固定利率	
242	3da719bd-2047-48f4-90ae-34d460af0e00	1_3_2_1_2_2_1	投资银行部_交易性商业银行债投资_银行账户_1Y	1Y	Actual/360	商业银行普通金融债到期收益率_AAA_1Y	32	投资银行部	\N	固定利率	
243	b0f34b83-28f4-4f08-b1db-031f9c749291	1_3_2_1_2_2_2	投资银行部_交易性商业银行债投资_银行账户_3Y	3Y	Actual/360	商业银行普通金融债到期收益率_AAA_3Y	33	投资银行部	\N	固定利率	
244	eb8e620d-b75e-49e5-be9b-8fc8920d0fc2	1_3_2_1_2_2_3	投资银行部_交易性商业银行债投资_银行账户_5Y	5Y	Actual/360	商业银行普通金融债到期收益率_AAA_5Y	34	投资银行部	\N	固定利率	
245	9e379ef3-fa71-449a-9822-db8d19507c93	1_3_2_1_2_2_4	投资银行部_交易性商业银行债投资_银行账户_10Y	10Y	Actual/360	商业银行普通金融债到期收益率_AAA_10Y	35	投资银行部	\N	固定利率	
246	2c2ba968-b364-46a0-99c5-a8d08e4f147f	1_3_2_1_3_1_1	投资银行部_交易性金融机构债投资_交易账户_1Y	1Y	Actual/360	商业银行普通金融债到期收益率_AAA_1Y	32	投资银行部	\N	固定利率	
247	d821db24-b79b-46e7-a48a-dc88652f72e0	1_3_2_1_3_1_2	投资银行部_交易性金融机构债投资_交易账户_3Y	3Y	Actual/360	商业银行普通金融债到期收益率_AAA_3Y	33	投资银行部	\N	固定利率	
248	9053b161-d2c9-4117-bec8-910d074f9586	1_3_2_1_3_1_3	投资银行部_交易性金融机构债投资_交易账户_5Y	5Y	Actual/360	商业银行普通金融债到期收益率_AAA_5Y	34	投资银行部	\N	固定利率	
249	f3b1a552-08b1-4843-90b7-350fdc047e01	1_3_2_1_3_1_4	投资银行部_交易性金融机构债投资_交易账户_10Y	10Y	Actual/360	商业银行普通金融债到期收益率_AAA_10Y	35	投资银行部	\N	固定利率	
250	0cb0608e-710e-40ee-828f-dda748d38ccf	1_3_2_1_3_2_1	投资银行部_交易性金融机构债投资_银行账户_1Y	1Y	Actual/360	商业银行普通金融债到期收益率_AAA_1Y	32	投资银行部	\N	固定利率	
251	5a324442-5011-4b0d-9fcc-c604426cbc60	1_3_2_1_3_2_2	投资银行部_交易性金融机构债投资_银行账户_3Y	3Y	Actual/360	商业银行普通金融债到期收益率_AAA_3Y	33	投资银行部	\N	固定利率	
252	5204a985-07cf-438c-a392-14d2f395f413	1_3_2_1_3_2_3	投资银行部_交易性金融机构债投资_银行账户_5Y	5Y	Actual/360	商业银行普通金融债到期收益率_AAA_5Y	34	投资银行部	\N	固定利率	
253	7da9db4f-7549-459f-8869-674f1cf41c38	1_3_2_1_3_2_4	投资银行部_交易性金融机构债投资_银行账户_10Y	10Y	Actual/360	商业银行普通金融债到期收益率_AAA_10Y	35	投资银行部	\N	固定利率	
254	a080dbc6-f558-4d4a-93d6-0cb828dc12ee	1_3_2_1_4_1_1	投资银行部_交易性公司债投资_交易账户_1Y	1Y	Actual/360	企业收益率曲线AAA_1Y	36	投资银行部	\N	固定利率	
255	0efe01f4-0e67-4cbc-8783-91be2d33f4cf	1_3_2_1_4_1_2	投资银行部_交易性公司债投资_交易账户_3Y	3Y	Actual/360	企业收益率曲线AAA_3Y	37	投资银行部	\N	固定利率	
256	9e4b4fb0-3fe4-455e-9af6-44dca10b4887	1_3_2_1_4_1_3	投资银行部_交易性公司债投资_交易账户_5Y	5Y	Actual/360	企业收益率曲线AAA_5Y	38	投资银行部	\N	固定利率	
257	00ffa0f9-e67a-40b5-bb9b-8b2ba7976d87	1_3_2_1_4_1_4	投资银行部_交易性公司债投资_交易账户_10Y	10Y	Actual/360	企业收益率曲线AAA_10Y	39	投资银行部	\N	固定利率	
258	de17fc46-db26-4748-8940-b2fea951d5c5	1_3_2_1_4_2_1	投资银行部_交易性公司债投资_银行账户_1Y	1Y	Actual/360	企业收益率曲线AAA_1Y	36	投资银行部	\N	固定利率	
259	53ad1496-6ea6-43e2-9144-2f3e1b1613e7	1_3_2_1_4_2_2	投资银行部_交易性公司债投资_银行账户_3Y	3Y	Actual/360	企业收益率曲线AAA_3Y	37	投资银行部	\N	固定利率	
260	097c5f4f-3cb4-4961-8511-d0f6349cc213	1_3_2_1_4_2_3	投资银行部_交易性公司债投资_银行账户_5Y	5Y	Actual/360	企业收益率曲线AAA_5Y	38	投资银行部	\N	固定利率	
261	8f470340-ad83-48f1-8043-e1ec50e5887d	1_3_2_1_4_2_4	投资银行部_交易性公司债投资_银行账户_10Y	10Y	Actual/360	企业收益率曲线AAA_10Y	39	投资银行部	\N	固定利率	
262	dd8b93ae-f3d2-4595-8067-78014c914b10	1_3_2_1_5_1	投资银行部_交易性信托_1Y	1Y	Actual/360	shibor_1Y	6	投资银行部	\N	固定利率	
263	277c70ed-0651-4d59-bdd2-543c587983f9	1_3_2_1_5_2	投资银行部_交易性信托_3Y	3Y	Actual/360	shibor_3Y	7	投资银行部	\N	固定利率	
264	5472fbf4-451b-4524-97d7-6332bcd70743	1_3_2_1_5_3	投资银行部_交易性信托_5Y	5Y	Actual/360	shibor_5Y	8	投资银行部	\N	固定利率	
265	5d2e64dc-3971-48d6-9fa0-8c94d86887f4	1_3_2_1_6_1	投资银行部_交易性资管计划_1Y	1Y	Actual/360	shibor_1Y	6	投资银行部	\N	固定利率	
266	fd30ac00-57ee-4999-ac57-80a304911b61	1_3_2_1_6_2	投资银行部_交易性资管计划_3Y	3Y	Actual/360	shibor_3Y	7	投资银行部	\N	固定利率	
267	c7a2b02e-cfee-41d5-8d53-cea3efaabcee	1_3_2_1_6_3	投资银行部_交易性资管计划_5Y	5Y	Actual/360	shibor_5Y	8	投资银行部	\N	固定利率	
268	0d67d915-544e-4d50-9d37-7dedf4c83fc4	1_3_2_1_7_1	投资银行部_交易性债权融资计划_1Y	1Y	Actual/360	shibor_1Y	6	投资银行部	\N	固定利率	
269	1dc837fb-382a-4ca1-8558-2883a156b9f9	1_3_2_1_7_2	投资银行部_交易性债权融资计划_3Y	3Y	Actual/360	shibor_3Y	7	投资银行部	\N	固定利率	
270	d8c981c8-7dca-4f0e-b4c9-f5601a5a44c9	1_3_2_1_7_3	投资银行部_交易性债权融资计划_5Y	5Y	Actual/360	shibor_5Y	8	投资银行部	\N	固定利率	
271	e667232d-c1c8-40fb-b2b8-b15ff0eb286b	1_3_2_1_8_1	投资银行部_交易性私募基金_1Y	1Y	Actual/360	shibor_1Y	6	投资银行部	\N	固定利率	
272	1ab36407-d5c1-4bb7-babc-aad4fba5c739	1_3_2_1_8_2	投资银行部_交易性私募基金_3Y	3Y	Actual/360	shibor_3Y	7	投资银行部	\N	固定利率	
273	5e3ed6a1-1106-4a86-b724-e55d7a3175f0	1_3_2_1_8_3	投资银行部_交易性私募基金_5Y	5Y	Actual/360	shibor_5Y	8	投资银行部	\N	固定利率	
274	3f0d464a-6fba-478f-8b41-56b890796d91	1_3_2_1_9_1	投资银行部_交易性公募基金_3Y	3Y	Actual/360	shibor_3Y	7	投资银行部	\N	固定利率	
275	a8462aaa-eb66-44cd-ad52-cde4f5e4994b	1_3_2_1_10_1	投资银行部_交易性融资租赁_1Y	1Y	Actual/360	shibor_1Y	6	投资银行部	\N	固定利率	
276	74d52d33-6106-4877-977a-f23f059fc9a8	1_3_2_1_10_2	投资银行部_交易性融资租赁_3Y	3Y	Actual/360	shibor_3Y	7	投资银行部	\N	固定利率	
277	e46b74ba-41c3-4bbd-85b4-136967cbfa4b	1_3_2_1_10_3	投资银行部_交易性融资租赁_5Y	5Y	Actual/360	shibor_5Y	8	投资银行部	\N	固定利率	
278	cd4d20c5-46b0-433f-9de2-4dab7d04aba6	1_3_2_1_11_1	投资银行部_交易性金融资产_资产证券化产品_1Y	1Y	Actual/360	shibor_1Y	6	投资银行部	\N	固定利率	
279	69111496-007d-4c0c-b082-14405d92bd01	1_3_2_1_11_2	投资银行部_交易性金融资产_资产证券化产品_3Y	3Y	Actual/360	shibor_3Y	7	投资银行部	\N	固定利率	
280	86de5eef-e83f-414b-b875-e7e5e25d8069	1_3_2_1_11_3	投资银行部_交易性金融资产_资产证券化产品_5Y	5Y	Actual/360	shibor_5Y	8	投资银行部	\N	固定利率	
281	d9fd8f0d-2211-420f-9bf5-55f41db4f754	1_3_2_1_12_1	投资银行部_交易性其他资产_1Y	1Y	Actual/360	零收益率曲线	1	投资银行部	\N	固定利率	
282	8fc3aebc-726b-4821-8cd6-ce351fcd627f	1_3_2_1_12_2	投资银行部_交易性其他资产_3Y	3Y	Actual/360	零收益率曲线	1	投资银行部	\N	固定利率	
283	dac406d8-bf3d-4bfd-9930-c20bd4d05c51	1_3_2_1_12_3	投资银行部_交易性其他资产_5Y	5Y	Actual/360	零收益率曲线	1	投资银行部	\N	固定利率	
284	79a4e5af-25dc-4261-a949-653eae559ba9	1_3_2_2_1_1	投资银行部_其他债权投资_商业银行债_1Y	1Y	Actual/360	商业银行普通金融债到期收益率_AAA_1Y	32	投资银行部	\N	固定利率	
285	9c316521-cd15-40d2-b846-7be740cf2337	1_3_2_2_1_2	投资银行部_其他债权投资_商业银行债_3Y	3Y	Actual/360	商业银行普通金融债到期收益率_AAA_3Y	33	投资银行部	\N	固定利率	
286	28823b71-7da2-45b9-af4f-ac13d3873ae3	1_3_2_2_1_3	投资银行部_其他债权投资_商业银行债_5Y	5Y	Actual/360	商业银行普通金融债到期收益率_AAA_5Y	34	投资银行部	\N	固定利率	
287	01c7af02-c0ab-4fd3-8290-5bf8439643e9	1_3_2_2_1_4	投资银行部_其他债权投资_商业银行债_10Y	10Y	Actual/360	商业银行普通金融债到期收益率_AAA_10Y	35	投资银行部	\N	固定利率	
288	99c11b0f-9852-47a5-9fad-510a9e8df59c	1_3_2_2_2_1	投资银行部_其他债权投资_金融机构债_1Y	1Y	Actual/360	商业银行普通金融债到期收益率_AAA_1Y	32	投资银行部	\N	固定利率	
289	17979685-b51a-4559-94fd-11dd099a5a0f	1_3_2_2_2_2	投资银行部_其他债权投资_金融机构债_3Y	3Y	Actual/360	商业银行普通金融债到期收益率_AAA_3Y	33	投资银行部	\N	固定利率	
290	4a1c8473-c0c1-45a9-b69a-16dca43d6404	1_3_2_2_2_3	投资银行部_其他债权投资_金融机构债_5Y	5Y	Actual/360	商业银行普通金融债到期收益率_AAA_5Y	34	投资银行部	\N	固定利率	
291	d0aa4939-995b-4f64-bfb6-86d0b5333507	1_3_2_2_2_4	投资银行部_其他债权投资_金融机构债_10Y	10Y	Actual/360	商业银行普通金融债到期收益率_AAA_10Y	35	投资银行部	\N	固定利率	
292	47de2bab-b410-47e5-9b62-316bd7799bef	1_3_2_2_3_1	投资银行部_其他债权投资_公司债_1Y	1Y	Actual/360	企业收益率曲线AAA_1Y	36	投资银行部	\N	固定利率	
293	1f6770df-3aac-4300-ae3f-38e9e6892302	1_3_2_2_3_2	投资银行部_其他债权投资_公司债_3Y	3Y	Actual/360	企业收益率曲线AAA_3Y	37	投资银行部	\N	固定利率	
294	f30fee6b-8ff0-4314-bc16-9bafb41145d6	1_3_2_2_3_3	投资银行部_其他债权投资_公司债_5Y	5Y	Actual/360	企业收益率曲线AAA_5Y	38	投资银行部	\N	固定利率	
295	cfd091ab-16e1-4502-bb44-6ef17226a4c2	1_3_2_2_3_4	投资银行部_其他债权投资_公司债_10Y	10Y	Actual/360	企业收益率曲线AAA_10Y	39	投资银行部	\N	固定利率	
296	f2fcdb4b-c739-44fe-be3a-97e35877337d	1_3_2_2_4_1	投资银行部_其他债权投资_信托_1Y	1Y	Actual/360	shibor_1Y	6	投资银行部	\N	固定利率	
297	0a5fbb4f-1df9-4c9b-ac28-d10948af61a3	1_3_2_2_4_2	投资银行部_其他债权投资_信托_3Y	3Y	Actual/360	shibor_3Y	7	投资银行部	\N	固定利率	
298	595f4d2d-a5e1-439b-963e-2a9ccec46023	1_3_2_2_4_3	投资银行部_其他债权投资_信托_5Y	5Y	Actual/360	shibor_5Y	8	投资银行部	\N	固定利率	
299	93e697fc-72bd-47d4-9739-3299d8c0535f	1_3_2_2_5_1	投资银行部_其他债权投资_资管计划_1Y	1Y	Actual/360	shibor_1Y	6	投资银行部	\N	固定利率	
300	a065b6a1-d953-4d09-95a8-b73219733138	1_3_2_2_5_2	投资银行部_其他债权投资_资管计划_3Y	3Y	Actual/360	shibor_3Y	7	投资银行部	\N	固定利率	
301	ae9ff6d9-fb35-4940-8318-5f5199573432	1_3_2_2_5_3	投资银行部_其他债权投资_资管计划_5Y	5Y	Actual/360	shibor_5Y	8	投资银行部	\N	固定利率	
302	bc4a2919-d171-42d0-bf95-751f3997f09e	1_3_2_2_6_1	投资银行部_其他债权投资_债权融资计划_1Y	1Y	Actual/360	shibor_1Y	6	投资银行部	\N	固定利率	
303	06c43ce9-cc2c-4728-bb19-f2c7ab95dcdf	1_3_2_2_6_2	投资银行部_其他债权投资_债权融资计划_3Y	3Y	Actual/360	shibor_3Y	7	投资银行部	\N	固定利率	
304	ea624d44-32f3-43c7-90e5-3bd53dd09aa7	1_3_2_2_6_3	投资银行部_其他债权投资_债权融资计划_5Y	5Y	Actual/360	shibor_5Y	8	投资银行部	\N	固定利率	
305	01edcd8f-9cb0-43ba-854b-71bc4fdbcd9a	1_3_2_2_7_1	投资银行部_其他债权投资_私募基金_1Y	1Y	Actual/360	shibor_1Y	6	投资银行部	\N	固定利率	
306	77bb84ce-75b7-46e9-9d26-c721a1385a71	1_3_2_2_7_2	投资银行部_其他债权投资_私募基金_3Y	3Y	Actual/360	shibor_3Y	7	投资银行部	\N	固定利率	
307	824e92bb-be23-4cb2-8e29-4130c86a1ed4	1_3_2_2_7_3	投资银行部_其他债权投资_私募基金_5Y	5Y	Actual/360	shibor_5Y	8	投资银行部	\N	固定利率	
308	ee38f1c7-991c-41f2-bb5d-bc3fbfc3aad7	1_3_2_2_8_1	投资银行部_其他债权投资_公募基金_3Y	3Y	Actual/360	shibor_3Y	7	投资银行部	\N	固定利率	
309	7da73cad-bce8-4240-981d-7e1887ee4a2d	1_3_2_2_9_1	投资银行部_其他债权投资_融资租赁_1Y	1Y	Actual/360	shibor_1Y	6	投资银行部	\N	固定利率	
310	623cdd76-657c-4277-9519-77efb012ca78	1_3_2_2_9_2	投资银行部_其他债权投资_融资租赁_3Y	3Y	Actual/360	shibor_3Y	7	投资银行部	\N	固定利率	
311	964dea7b-50a0-4336-928f-0af5289ce042	1_3_2_2_9_3	投资银行部_其他债权投资_融资租赁_5Y	5Y	Actual/360	shibor_5Y	8	投资银行部	\N	固定利率	
312	5f2d73da-a072-490d-8d13-f05c0622c31a	1_3_2_2_10_1	投资银行部_其他债权投资_其他_1Y	1Y	Actual/360	零收益率曲线	1	投资银行部	\N	固定利率	
313	eb82e921-d38c-42bb-b8cc-d2d4e78c59b8	1_3_2_2_10_2	投资银行部_其他债权投资_其他_3Y	3Y	Actual/360	零收益率曲线	1	投资银行部	\N	固定利率	
314	4a115ebe-eb78-48fd-a332-ef42c7398a11	1_3_2_2_10_3	投资银行部_其他债权投资_其他_5Y	5Y	Actual/360	零收益率曲线	1	投资银行部	\N	固定利率	
315	a96882ae-5bc3-4c36-a22a-def3a92ee86a	1_3_2_3_1_1	投资银行部_债权投资_商业银行债_1Y	1Y	Actual/360	商业银行普通金融债到期收益率_AAA_1Y	32	投资银行部	\N	固定利率	
316	e018c6d5-5c33-48ee-96b1-af2464f120eb	1_3_2_3_1_2	投资银行部_债权投资_商业银行债_3Y	3Y	Actual/360	商业银行普通金融债到期收益率_AAA_3Y	33	投资银行部	\N	固定利率	
317	3d6be79a-8ff1-4f61-9700-9b70367a3fdd	1_3_2_3_1_3	投资银行部_债权投资_商业银行债_5Y	5Y	Actual/360	商业银行普通金融债到期收益率_AAA_5Y	34	投资银行部	\N	固定利率	
318	5c0f3f3f-ccc0-42aa-8dd7-c50195319167	1_3_2_3_1_4	投资银行部_债权投资_商业银行债_10Y	10Y	Actual/360	商业银行普通金融债到期收益率_AAA_10Y	35	投资银行部	\N	固定利率	
319	a723337b-bc35-4f69-b01a-8065c8c6876b	1_3_2_3_2_1	投资银行部_债权投资_金融机构债_1Y	1Y	Actual/360	商业银行普通金融债到期收益率_AAA_1Y	32	投资银行部	\N	固定利率	
320	b3340ff0-cf91-4a2f-9297-8b72d9c45a20	1_3_2_3_2_2	投资银行部_债权投资_金融机构债_3Y	3Y	Actual/360	商业银行普通金融债到期收益率_AAA_3Y	33	投资银行部	\N	固定利率	
321	f0e114e3-1c4d-49c7-b956-265a20292402	1_3_2_3_2_3	投资银行部_债权投资_金融机构债_5Y	5Y	Actual/360	商业银行普通金融债到期收益率_AAA_5Y	34	投资银行部	\N	固定利率	
322	dba84243-5f01-4a68-bd04-882e2d623206	1_3_2_3_2_4	投资银行部_债权投资_金融机构债_10Y	10Y	Actual/360	商业银行普通金融债到期收益率_AAA_10Y	35	投资银行部	\N	固定利率	
323	e45f663d-63ff-4b22-bb9d-9ee5a22136e6	1_3_2_3_3_1	投资银行部_债权投资_公司债_1Y	1Y	Actual/360	企业收益率曲线AAA_1Y	36	投资银行部	\N	固定利率	
324	8a2eb323-6639-4480-8ad8-6d43f7241a4c	1_3_2_3_3_2	投资银行部_债权投资_公司债_3Y	3Y	Actual/360	企业收益率曲线AAA_3Y	37	投资银行部	\N	固定利率	
325	d2571082-0ced-40f0-9758-de44b0c2866d	1_3_2_3_3_3	投资银行部_债权投资_公司债_5Y	5Y	Actual/360	企业收益率曲线AAA_5Y	38	投资银行部	\N	固定利率	
326	b172b84d-f157-4351-9cac-003fd933dbe9	1_3_2_3_3_4	投资银行部_债权投资_公司债_10Y	10Y	Actual/360	企业收益率曲线AAA_10Y	39	投资银行部	\N	固定利率	
327	a71f0429-04a9-4bf7-9221-fb31d3854eb4	1_3_2_3_4_1	投资银行部_债权投资_信托_1Y	1Y	Actual/360	shibor_1Y	6	投资银行部	\N	固定利率	
328	71aa7c57-c671-4f2d-a25e-fb3f60e70d0e	1_3_2_3_4_2	投资银行部_债权投资_信托_3Y	3Y	Actual/360	shibor_3Y	7	投资银行部	\N	固定利率	
329	ce4dee05-36d7-4452-88b8-4a62bbe9acbd	1_3_2_3_4_3	投资银行部_债权投资_信托_5Y	5Y	Actual/360	shibor_5Y	8	投资银行部	\N	固定利率	
330	5cc1496d-efaf-46ca-82b0-fa3f29625344	1_3_2_3_5_1	投资银行部_债权投资_资管计划_1Y	1Y	Actual/360	shibor_1Y	6	投资银行部	\N	固定利率	
331	5b2e6e97-e299-4a25-a4c6-5154681975db	1_3_2_3_5_2	投资银行部_债权投资_资管计划_3Y	3Y	Actual/360	shibor_3Y	7	投资银行部	\N	固定利率	
332	04709f68-76d7-4ddb-a113-4eed93ee0622	1_3_2_3_5_3	投资银行部_债权投资_资管计划_5Y	5Y	Actual/360	shibor_5Y	8	投资银行部	\N	固定利率	
333	a99498f2-9772-474e-8990-9da77d8869ae	1_3_2_3_6_1	投资银行部_债权投资_债权融资计划_1Y	1Y	Actual/360	shibor_1Y	6	投资银行部	\N	固定利率	
334	362bb235-502b-465f-8dae-a9c35edd54b6	1_3_2_3_6_2	投资银行部_债权投资_债权融资计划_3Y	3Y	Actual/360	shibor_3Y	7	投资银行部	\N	固定利率	
335	e8f91bde-692d-4b8d-a57e-9ec6d9e4ee8f	1_3_2_3_6_3	投资银行部_债权投资_债权融资计划_5Y	5Y	Actual/360	shibor_5Y	8	投资银行部	\N	固定利率	
336	3a465102-9816-40d9-bfd3-53cf807fae2b	1_3_2_3_7_1	投资银行部_债权投资_私募基金_1Y	1Y	Actual/360	shibor_1Y	6	投资银行部	\N	固定利率	
337	e5e224bf-ce8c-4488-ae31-dae7df479c9b	1_3_2_3_7_2	投资银行部_债权投资_私募基金_3Y	3Y	Actual/360	shibor_3Y	7	投资银行部	\N	固定利率	
338	ce05c1ce-5bbb-4fc7-92b7-6be62b77bb10	1_3_2_3_7_3	投资银行部_债权投资_私募基金_5Y	5Y	Actual/360	shibor_5Y	8	投资银行部	\N	固定利率	
339	5255e355-75b6-4d76-aaba-0fe6961bd65e	1_3_2_3_8_1	投资银行部_债权投资_公募基金_3Y	3Y	Actual/360	shibor_3Y	7	投资银行部	\N	固定利率	
340	5cae2f37-dddd-40bb-8146-3954fe4eb1f1	1_3_2_3_9_1	投资银行部_债权投资_融资租赁_1Y	1Y	Actual/360	shibor_1Y	6	投资银行部	\N	固定利率	
341	b05b3b52-a00d-46a3-b9d3-2d94aba3ea7c	1_3_2_3_9_2	投资银行部_债权投资_融资租赁_3Y	3Y	Actual/360	shibor_3Y	7	投资银行部	\N	固定利率	
342	16261858-3b6c-4cb7-9680-cc2eaee85502	1_3_2_3_9_3	投资银行部_债权投资_融资租赁_5Y	5Y	Actual/360	shibor_5Y	8	投资银行部	\N	固定利率	
343	f0cfb4eb-8508-42a0-9921-c3243ff14608	1_3_2_3_10_1	投资银行部_债权投资_其他_1Y	1Y	Actual/360	零收益率曲线	1	投资银行部	\N	固定利率	
344	05339f6a-dc6f-4d30-b6c7-5d507e9aa54d	1_3_2_3_10_2	投资银行部_债权投资_其他_3Y	3Y	Actual/360	零收益率曲线	1	投资银行部	\N	固定利率	
345	05ef1758-6951-4b3a-9c63-b57b2205dd95	1_3_2_3_10_3	投资银行部_债权投资_其他_5Y	5Y	Actual/360	零收益率曲线	1	投资银行部	\N	固定利率	
346	ed6b9eef-c53f-4a2c-9f63-a9367cdcec5e	1_3_2_4_1	投资银行部_其他权益工具投资_5Y	5Y	Actual/360	零收益率曲线	1	投资银行部	\N	固定利率	
347	c5b7187a-2b1c-4100-aaf3-f1e7ae27e395	1_4_1_1_1	个金条线_个人经营贷款_3M	3M	Actual/360	法定存贷款利率_LPR_3M	40	个人金融部	\N	固定利率	
348	daa92b41-079b-400a-9f2e-edca989ebfa8	1_4_1_1_2	个金条线_个人经营贷款_6M	6M	Actual/360	法定存贷款利率_LPR_6M	41	个人金融部	\N	固定利率	
349	3ef6cbd6-ceb2-4b38-900a-abc22ddabcee	1_4_1_1_3	个金条线_个人经营贷款_1Y	1Y	Actual/360	法定存贷款利率_LPR_1Y	42	个人金融部	\N	固定利率	
350	acd2017c-1c0d-4cb8-b636-5ade313eb5dd	1_4_1_1_4	个金条线_个人经营贷款_2Y	2Y	Actual/360	法定存贷款利率_LPR_2Y	43	个人金融部	\N	固定利率	
351	a7d974c6-cb0a-4589-864b-8d1bc33e60e3	1_4_1_1_5	个金条线_个人经营贷款_3Y	3Y	Actual/360	法定存贷款利率_LPR_3Y	44	个人金融部	\N	固定利率	
352	90825e5f-bb0b-4bbd-9ba4-f8939447f985	1_4_1_2_1_1	个金条线_便民贷_3M	3M	Actual/360	法定存贷款利率_LPR_3M	40	个人金融部	\N	固定利率	
353	7ce482a4-d8d0-4ca7-a0a5-d65c3331f447	1_4_1_2_1_2	个金条线_便民贷_6M	6M	Actual/360	法定存贷款利率_LPR_6M	41	个人金融部	\N	固定利率	
354	4156f55f-76eb-486d-96e2-53a4c0a11db8	1_4_1_2_1_3	个金条线_便民贷_1Y	1Y	Actual/360	法定存贷款利率_LPR_1Y	42	个人金融部	\N	固定利率	
355	e714d2be-6fd2-4c05-8c1b-18d8e99d1531	1_4_1_2_1_4	个金条线_便民贷_2Y	2Y	Actual/360	法定存贷款利率_LPR_2Y	43	个人金融部	\N	固定利率	
356	12ab935d-9e4e-47b9-b8b0-6bfbc28c49d9	1_4_1_2_1_5	个金条线_便民贷_3Y	3Y	Actual/360	法定存贷款利率_LPR_3Y	44	个人金融部	\N	固定利率	
357	d7fe3a66-9fcf-4077-9b4a-ae1e9ce9907c	1_4_1_2_2_1	个金条线_公积金秒贷_3M	3M	Actual/360	法定存贷款利率_LPR_3M	40	个人金融部	\N	固定利率	
358	9d954bcd-a56d-481a-92d4-8f2e40ba9b22	1_4_1_2_2_2	个金条线_公积金秒贷_6M	6M	Actual/360	法定存贷款利率_LPR_6M	41	个人金融部	\N	固定利率	
359	b8675592-8468-4b72-8495-399143559865	1_4_1_2_2_3	个金条线_公积金秒贷_1Y	1Y	Actual/360	法定存贷款利率_LPR_1Y	42	个人金融部	\N	固定利率	
360	d53e5ab5-1458-493c-a21c-734813f848e7	1_4_1_2_2_4	个金条线_公积金秒贷_2Y	2Y	Actual/360	法定存贷款利率_LPR_2Y	43	个人金融部	\N	固定利率	
361	d8df0710-62f9-4f87-ab94-72400459a14a	1_4_1_2_2_5	个金条线_公积金秒贷_3Y	3Y	Actual/360	法定存贷款利率_LPR_3Y	44	个人金融部	\N	固定利率	
362	e8483e39-a9c9-40bb-a337-28f1a1a729dc	1_4_1_2_3_1	个金条线_其他个人消费贷款_3M	3M	Actual/360	法定存贷款利率_LPR_3M	40	个人金融部	\N	固定利率	
363	7077e567-5418-4a95-afd1-60ca31edb9c8	1_4_1_2_3_2	个金条线_其他个人消费贷款_6M	6M	Actual/360	法定存贷款利率_LPR_6M	41	个人金融部	\N	固定利率	
364	710ca5b4-0fd7-4502-8e2a-b36bd6d47940	1_4_1_2_3_3	个金条线_其他个人消费贷款_1Y	1Y	Actual/360	法定存贷款利率_LPR_1Y	42	个人金融部	\N	固定利率	
365	05e4d16d-1ad9-4523-8820-1c7b09e66917	1_4_1_2_3_4	个金条线_其他个人消费贷款_2Y	2Y	Actual/360	法定存贷款利率_LPR_2Y	43	个人金融部	\N	固定利率	
366	a519a713-fc32-44ec-880a-2828aca438a6	1_4_1_2_3_5	个金条线_其他个人消费贷款_3Y	3Y	Actual/360	法定存贷款利率_LPR_3Y	44	个人金融部	\N	固定利率	
367	ad9c7ab9-ac57-4524-b095-76fae4f792af	1_4_1_3_1	个金条线_个人住房贷款_1Y	1Y	Actual/360	法定存贷款利率_LPR_1Y	42	个人金融部	\N	固定利率	
368	a949d665-a895-44a5-8ec4-ac58efb2260a	1_4_1_3_2	个金条线_个人住房贷款_2Y	2Y	Actual/360	法定存贷款利率_LPR_2Y	43	个人金融部	\N	固定利率	
369	24c32869-83bf-4f6c-a156-f469725a6903	1_4_1_3_3	个金条线_个人住房贷款_3Y	3Y	Actual/360	法定存贷款利率_LPR_3Y	44	个人金融部	\N	固定利率	
370	cf872edf-80fa-4212-8648-60487ba01a67	1_4_1_3_4	个金条线_个人住房贷款_5Y	5Y	Actual/360	法定存贷款利率_LPR_5Y	45	个人金融部	\N	固定利率	
371	a8e5e246-f31f-46ce-a250-6e6f4a3c4f2d	1_4_1_3_5	个金条线_个人住房贷款_10Y	10Y	Actual/360	法定存贷款利率_LPR_10Y	46	个人金融部	\N	固定利率	
372	0571eacc-24c6-4c01-870d-5c4abcae8f55	1_4_1_4_1	个金条线_个人贷记卡透支_3M	3M	Actual/360	法定存贷款利率_LPR_3M	40	个人金融部	\N	固定利率	
373	b591a19f-b9cd-47d8-a56e-3d4c381dc3ea	1_4_1_4_2	个金条线_个人贷记卡透支_6M	6M	Actual/360	法定存贷款利率_LPR_6M	41	个人金融部	\N	固定利率	
374	6c93ae9d-7110-430f-be59-688d35cbac50	1_4_1_4_3	个金条线_个人贷记卡透支_1Y	1Y	Actual/360	法定存贷款利率_LPR_1Y	42	个人金融部	\N	固定利率	
375	886b84b7-9c01-4ca7-81bc-a1dedc69d95f	1_4_1_4_4	个金条线_个人贷记卡透支_2Y	2Y	Actual/360	法定存贷款利率_LPR_2Y	43	个人金融部	\N	固定利率	
376	0315e4b8-0e0b-4b3c-bee1-cf3c112b075e	1_4_1_4_5	个金条线_个人贷记卡透支_3Y	3Y	Actual/360	法定存贷款利率_LPR_3Y	44	个人金融部	\N	固定利率	
377	3b697239-da47-427a-8ce7-09e19e91d601	1_4_1_5_1	个金条线_其他贷款_3M	3M	Actual/360	法定存贷款利率_LPR_3M	40	个人金融部	\N	固定利率	
378	95e361b7-f096-4c83-a57d-c89be4670b32	1_4_1_5_2	个金条线_其他贷款_6M	6M	Actual/360	法定存贷款利率_LPR_6M	41	个人金融部	\N	固定利率	
379	04585807-0849-4303-8abb-200a9b589b25	1_4_1_5_3	个金条线_其他贷款_1Y	1Y	Actual/360	法定存贷款利率_LPR_1Y	42	个人金融部	\N	固定利率	
380	c32bf236-f427-4fbc-8fe0-9c9468110721	1_4_1_5_4	个金条线_其他贷款_2Y	2Y	Actual/360	法定存贷款利率_LPR_2Y	43	个人金融部	\N	固定利率	
381	42ff86b3-c052-429c-baf7-95de617b27bd	1_4_1_5_5	个金条线_其他贷款_3Y	3Y	Actual/360	法定存贷款利率_LPR_3Y	44	个人金融部	\N	固定利率	
382	10220619-b843-4ee8-8f2d-fede3dec1cf4	1_4_2_1_1	小微条线_单位流动资金贷款_3M	3M	Actual/360	法定存贷款利率_LPR_3M	40	小微金融部	\N	固定利率	
383	180583cb-11ac-43aa-92e7-f36a5172a542	1_4_2_1_2	小微条线_单位流动资金贷款_6M	6M	Actual/360	法定存贷款利率_LPR_6M	41	小微金融部	\N	固定利率	
384	91e04935-27e0-47c9-ac5b-109bc3c93901	1_4_2_1_3	小微条线_单位流动资金贷款_1Y	1Y	Actual/360	法定存贷款利率_LPR_1Y	42	小微金融部	\N	固定利率	
385	4d13a02b-df62-445a-ae07-7e0473b079e3	1_4_2_1_4	小微条线_单位流动资金贷款_2Y	2Y	Actual/360	法定存贷款利率_LPR_2Y	43	小微金融部	\N	固定利率	
386	dab8d231-3987-47b3-be96-3e14e3391231	1_4_2_1_5	小微条线_单位流动资金贷款_3Y	3Y	Actual/360	法定存贷款利率_LPR_3Y	44	小微金融部	\N	固定利率	
387	a2d680e7-f844-4b34-b479-713b4f055460	1_4_2_2_1	小微条线_单位其他固定资产贷款_1Y	1Y	Actual/360	法定存贷款利率_LPR_1Y	42	小微金融部	\N	固定利率	
388	e128a0e7-4762-4024-a903-4a9ea113b3a6	1_4_2_2_2	小微条线_单位其他固定资产贷款_3Y	3Y	Actual/360	法定存贷款利率_LPR_3Y	44	小微金融部	\N	固定利率	
389	fb2d6314-9744-43dd-a6c9-9c20182a321d	1_4_2_2_3	小微条线_单位其他固定资产贷款_5Y	5Y	Actual/360	法定存贷款利率_LPR_5Y	45	小微金融部	\N	固定利率	
390	2023ca1f-de69-4896-8057-7bf05caa7a94	1_4_2_2_4	小微条线_单位其他固定资产贷款_10Y	10Y	Actual/360	法定存贷款利率_LPR_10Y	46	小微金融部	\N	固定利率	
391	34adf97d-208c-426a-83aa-fe96a603e51a	1_4_2_3_1_1	小微条线_个人经营贷款_线上_3M	3M	Actual/360	法定存贷款利率_LPR_3M	40	小微金融部	\N	固定利率	
392	0a3ed31c-deb0-492d-8b58-8008e5ff1b09	1_4_2_3_1_2	小微条线_个人经营贷款_线上_6M	6M	Actual/360	法定存贷款利率_LPR_6M	41	小微金融部	\N	固定利率	
393	06aa3f33-8bb0-448d-9149-6a7129f9ad82	1_4_2_3_1_3	小微条线_个人经营贷款_线上_1Y	1Y	Actual/360	法定存贷款利率_LPR_1Y	42	小微金融部	\N	固定利率	
394	3b0874cf-0f8e-4189-a9a5-6fab1522cc37	1_4_2_3_1_4	小微条线_个人经营贷款_线上_2Y	2Y	Actual/360	法定存贷款利率_LPR_2Y	43	小微金融部	\N	固定利率	
395	c49440ac-b5c3-4a51-b599-6b90dc35123d	1_4_2_3_1_5	小微条线_个人经营贷款_线上_3Y	3Y	Actual/360	法定存贷款利率_LPR_3Y	44	小微金融部	\N	固定利率	
396	ac47e66d-091a-4ee8-ad29-c506d45e430a	1_4_2_3_2_1	小微条线_个人经营贷款_线下_3M	3M	Actual/360	法定存贷款利率_LPR_3M	40	小微金融部	\N	固定利率	
397	78a711c0-b719-471b-af59-9837593006a8	1_4_2_3_2_2	小微条线_个人经营贷款_线下_6M	6M	Actual/360	法定存贷款利率_LPR_6M	41	小微金融部	\N	固定利率	
398	6d7dc325-a03c-4fbe-9780-08cc7c82a68a	1_4_2_3_2_3	小微条线_个人经营贷款_线下_1Y	1Y	Actual/360	法定存贷款利率_LPR_1Y	42	小微金融部	\N	固定利率	
399	b7a8d525-5c46-45ca-acb7-033fb2f55287	1_4_2_3_2_4	小微条线_个人经营贷款_线下_2Y	2Y	Actual/360	法定存贷款利率_LPR_2Y	43	小微金融部	\N	固定利率	
400	336d1c9a-96fc-4029-8b17-44297cc56a45	1_4_2_3_2_5	小微条线_个人经营贷款_线下_3Y	3Y	Actual/360	法定存贷款利率_LPR_3Y	44	小微金融部	\N	固定利率	
401	72099f3d-1a77-4796-be2f-e24ed6c10545	1_4_2_4_1	小微条线_个人消费贷款_3M	3M	Actual/360	法定存贷款利率_LPR_3M	40	小微金融部	\N	固定利率	
402	082604a5-b6b0-472f-9c04-6fae932d5ec6	1_4_2_4_2	小微条线_个人消费贷款_6M	6M	Actual/360	法定存贷款利率_LPR_6M	41	小微金融部	\N	固定利率	
403	c2df3c34-6033-4f78-ac22-fe811ed0f2c4	1_4_2_4_3	小微条线_个人消费贷款_1Y	1Y	Actual/360	法定存贷款利率_LPR_1Y	42	小微金融部	\N	固定利率	
404	dc6871b2-9c67-4b45-ac1e-b4dea8067898	1_4_2_4_4	小微条线_个人消费贷款_2Y	2Y	Actual/360	法定存贷款利率_LPR_2Y	43	小微金融部	\N	固定利率	
405	5606812a-65c4-482a-88f5-6294d6e591e5	1_4_2_4_5	小微条线_个人消费贷款_3Y	3Y	Actual/360	法定存贷款利率_LPR_3Y	44	小微金融部	\N	固定利率	
406	20a1bc7d-4038-40d2-89a9-3335a73cf74b	1_4_3_1_1	对公条线_单位房地产贷款_1Y	1Y	Actual/360	法定存贷款利率_LPR_1Y	42	公司金融部	\N	固定利率	
407	468a599c-4079-467b-ac21-973a67aead21	1_4_3_1_2	对公条线_单位房地产贷款_3Y	3Y	Actual/360	法定存贷款利率_LPR_3Y	44	公司金融部	\N	固定利率	
408	11d994d7-acd3-4edd-bd08-42b5e668bd83	1_4_3_1_3	对公条线_单位房地产贷款_5Y	5Y	Actual/360	法定存贷款利率_LPR_5Y	45	公司金融部	\N	固定利率	
409	a4f8e2df-edeb-4655-a69c-c9296e76271c	1_4_3_1_4	对公条线_单位房地产贷款_10Y	10Y	Actual/360	法定存贷款利率_LPR_10Y	46	公司金融部	\N	固定利率	
410	1e31cfa1-d80c-4783-96df-476f0b181872	1_4_3_2_1	对公条线_单位项目融资贷款_3M	3M	Actual/360	法定存贷款利率_LPR_3M	40	公司金融部	\N	固定利率	
411	fe57c18b-2afc-4f39-bf93-f46644372b8a	1_4_3_2_2	对公条线_单位项目融资贷款_6M	6M	Actual/360	法定存贷款利率_LPR_6M	41	公司金融部	\N	固定利率	
412	56c52ccd-3f32-4ad0-b403-08fdcf4bca0d	1_4_3_2_3	对公条线_单位项目融资贷款_1Y	1Y	Actual/360	法定存贷款利率_LPR_1Y	42	公司金融部	\N	固定利率	
413	b815f924-588b-4300-b75c-1bebce817f48	1_4_3_2_4	对公条线_单位项目融资贷款_2Y	2Y	Actual/360	法定存贷款利率_LPR_2Y	43	公司金融部	\N	固定利率	
414	6e5b2e13-cb93-4eb0-9e8e-04bec1367bff	1_4_3_2_5	对公条线_单位项目融资贷款_3Y	3Y	Actual/360	法定存贷款利率_LPR_3Y	44	公司金融部	\N	固定利率	
415	007618b6-2363-461d-b553-3e7bb03abd3e	1_4_3_3_1	对公条线_单位其他固定资产贷款_1Y	1Y	Actual/360	法定存贷款利率_LPR_1Y	42	公司金融部	\N	固定利率	
416	cddd25aa-574e-4140-9fef-b2424603e3a8	1_4_3_3_2	对公条线_单位其他固定资产贷款_3Y	3Y	Actual/360	法定存贷款利率_LPR_3Y	44	公司金融部	\N	固定利率	
417	700e096a-3c5e-4814-8c78-ec297cfb003b	1_4_3_3_3	对公条线_单位其他固定资产贷款_5Y	5Y	Actual/360	法定存贷款利率_LPR_5Y	45	公司金融部	\N	固定利率	
418	d0d329ea-dcf2-43ad-a9ae-5f791c03e21b	1_4_3_3_4	对公条线_单位其他固定资产贷款_10Y	10Y	Actual/360	法定存贷款利率_LPR_10Y	46	公司金融部	\N	固定利率	
419	6dff7bc7-c5e8-49e6-a923-dd6378b00d20	1_4_3_4_1	对公条线_单位流动资金贷款_3M	3M	Actual/360	法定存贷款利率_LPR_3M	40	公司金融部	\N	固定利率	
420	9d0e5543-f95c-41e5-8157-57a2d08387bf	1_4_3_4_2	对公条线_单位流动资金贷款_6M	6M	Actual/360	法定存贷款利率_LPR_6M	41	公司金融部	\N	固定利率	
421	a366817e-89b8-4d80-8cef-45aa2866570a	1_4_3_4_3	对公条线_单位流动资金贷款_1Y	1Y	Actual/360	法定存贷款利率_LPR_1Y	42	公司金融部	\N	固定利率	
422	9eafae4f-82f6-407c-b219-b1db2f560079	1_4_3_4_4	对公条线_单位流动资金贷款_2Y	2Y	Actual/360	法定存贷款利率_LPR_2Y	43	公司金融部	\N	固定利率	
423	98810083-1026-443a-a6a7-693339224579	1_4_3_4_5	对公条线_单位流动资金贷款_3Y	3Y	Actual/360	法定存贷款利率_LPR_3Y	44	公司金融部	\N	固定利率	
424	3a0a0f3c-b5e2-4037-bbea-38f89ad5f468	1_4_3_5_1	对公条线_其他贷款_3M	3M	Actual/360	法定存贷款利率_LPR_3M	40	公司金融部	\N	固定利率	
425	9f968995-21cf-4cbe-b12b-7da7d123cd9b	1_4_3_5_2	对公条线_其他贷款_6M	6M	Actual/360	法定存贷款利率_LPR_6M	41	公司金融部	\N	固定利率	
426	30f7357a-4c57-433a-8584-b15d443beb75	1_4_3_5_3	对公条线_其他贷款_1Y	1Y	Actual/360	法定存贷款利率_LPR_1Y	42	公司金融部	\N	固定利率	
427	b252a73e-1dd3-471c-a437-9243ac6f265d	1_4_3_5_4	对公条线_其他贷款_2Y	2Y	Actual/360	法定存贷款利率_LPR_2Y	43	公司金融部	\N	固定利率	
428	20bd7d33-efcc-4a9b-9bda-ca8533f3d423	1_4_3_5_5	对公条线_其他贷款_3Y	3Y	Actual/360	法定存贷款利率_LPR_3Y	44	公司金融部	\N	固定利率	
429	20d83761-9132-430a-a62d-239583f93e2a	1_4_4_1_1_1	数金条线_个人经营贷款_线上_3M	3M	Actual/360	LIBOR收益率曲线_3M	9	数字金融部	\N	固定利率	
430	f992847f-6ac2-458a-bad8-afd34bd0d9f5	1_4_4_1_1_2	数金条线_个人经营贷款_线上_6M	6M	Actual/360	LIBOR收益率曲线_6M	10	数字金融部	\N	固定利率	
431	3df83645-7675-486a-8e70-0978876f3f69	1_4_4_1_1_3	数金条线_个人经营贷款_线上_1Y	1Y	Actual/360	LIBOR收益率曲线_1Y	11	数字金融部	\N	固定利率	
432	57a13dc3-bd2d-4eaa-b23c-2d7f1c6465df	1_4_4_1_1_4	数金条线_个人经营贷款_线上_2Y	2Y	Actual/360	LIBOR收益率曲线_2Y	12	数字金融部	\N	固定利率	
433	1fb242c3-6ab0-444f-9f57-5bc370cfd386	1_4_4_1_1_5	数金条线_个人经营贷款_线上_3Y	3Y	Actual/360	LIBOR收益率曲线_3Y	13	数字金融部	\N	固定利率	
434	0df77a25-b41d-4db5-8ad8-bb4be0ccaa47	1_4_4_1_2_1	数金条线_个人经营贷款_线下_3M	3M	Actual/360	LIBOR收益率曲线_3M	9	数字金融部	\N	固定利率	
435	ffc2f153-aca2-4618-a1ad-7c0d8ffe0d3d	1_4_4_1_2_2	数金条线_个人经营贷款_线下_6M	6M	Actual/360	LIBOR收益率曲线_6M	10	数字金融部	\N	固定利率	
436	a01a2103-f91e-4f12-8431-e6e9313f9aac	1_4_4_1_2_3	数金条线_个人经营贷款_线下_1Y	1Y	Actual/360	LIBOR收益率曲线_1Y	11	数字金融部	\N	固定利率	
437	91ef7d3d-83f5-4cfd-9873-55b613cf5f75	1_4_4_1_2_4	数金条线_个人经营贷款_线下_2Y	2Y	Actual/360	LIBOR收益率曲线_2Y	12	数字金融部	\N	固定利率	
438	dafe48e7-9b67-4b4c-a6ec-f983e26bc6c0	1_4_4_1_2_5	数金条线_个人经营贷款_线下_3Y	3Y	Actual/360	LIBOR收益率曲线_3Y	13	数字金融部	\N	固定利率	
439	70d3e50e-256a-4a02-8b4a-9710ef179d49	1_4_4_2_1	数金条线_个人消费贷款_3M	3M	Actual/360	LIBOR收益率曲线_3M	9	数字金融部	\N	固定利率	
440	e7256a12-dc17-40b1-869a-debbecaac1b0	1_4_4_2_2	数金条线_个人消费贷款_6M	6M	Actual/360	LIBOR收益率曲线_6M	10	数字金融部	\N	固定利率	
441	ba07dd81-c875-463d-a3ae-0a040b4cd4d8	1_4_4_2_3	数金条线_个人消费贷款_1Y	1Y	Actual/360	LIBOR收益率曲线_1Y	11	数字金融部	\N	固定利率	
442	689f477f-db69-43f8-b470-b02a676fa89f	1_4_4_2_4	数金条线_个人消费贷款_2Y	2Y	Actual/360	LIBOR收益率曲线_2Y	12	数字金融部	\N	固定利率	
443	e315c92b-1dd4-422f-82e2-11cf24c3aa99	1_4_4_2_5	数金条线_个人消费贷款_3Y	3Y	Actual/360	LIBOR收益率曲线_3Y	13	数字金融部	\N	固定利率	
444	d0ca9264-fcc3-4dec-974d-73bfc888eeb9	1_4_5_1	贸易融资_3M	3M	Actual/360	法定存贷款利率_LPR_3M	40	交易银行部	\N	固定利率	
445	96dc9288-3735-49f5-97f3-0a029f7eebed	1_4_5_2	贸易融资_6M	6M	Actual/360	法定存贷款利率_LPR_6M	41	交易银行部	\N	固定利率	
446	de082b24-b943-423f-87e3-1a0760dd17c6	1_4_5_3	贸易融资_1Y	1Y	Actual/360	法定存贷款利率_LPR_1Y	42	交易银行部	\N	固定利率	
447	0915cb14-bbed-48c1-a8d1-56ac54cacc03	1_4_5_4	贸易融资_2Y	2Y	Actual/360	法定存贷款利率_LPR_2Y	43	交易银行部	\N	固定利率	
448	88a016f1-226c-46fe-b3e0-080e4560eb66	1_4_5_5	贸易融资_3Y	3Y	Actual/360	法定存贷款利率_LPR_3Y	44	交易银行部	\N	固定利率	
449	ae35aa6e-b3cd-45dc-8c1b-98701790639d	1_4_6_1	直贴_3M	3M	Actual/360	内部_票据贴现利率_3M	47	金融市场部	\N	固定利率	
450	05c4bd2b-9d06-4cb2-a760-8bb9f1541049	1_4_6_2	转贴_6M	6M	Actual/360	城商转贴现收益率曲线_6M	48	金融市场部	\N	固定利率	
451	7ffdbb10-413d-417f-9409-a80bd0aef8fe	1_4_6_3	福费廷_3M	3M	Actual/360	内部_福费廷_3M	49	交易银行部	\N	固定利率	
452	06c3a628-6599-44c6-9bcf-6d4abf32d717	1_4_6_4	应收款买断_3M	3M	Actual/360	内部_应收款买断_3M	50	金融市场部	\N	固定利率	
453	26f39044-f99b-4040-8c4a-c87ff225b984	1_5_1_1	贵金属_黄金_1D	1D	Actual/360	零收益率曲线	1	计财部	\N	固定利率	
454	62a6c33b-1e37-4557-a070-822acc49f535	1_5_1_2	贵金属_非黄金_30Y	30Y	Actual/360	零收益率曲线	1	计财部	\N	固定利率	
455	99f58fe8-8161-4217-bb46-f731a3335120	1_5_2	各类应收款_30Y	30Y	Actual/360	零收益率曲线	1		\N	固定利率	
456	cd97480d-b808-4af8-82fc-77052eba103c	1_5_3	其他资产_30Y	30Y	Actual/360	零收益率曲线	1	计财部	\N	固定利率	
457	a6c13f29-a7e5-42f9-a4bf-b71f925811f2	2_1_1	再贴现_1Y	1Y	Actual/360	内部_再贴现_1Y	51		\N	固定利率	
458	3ebe0c1b-28be-451a-a0d9-7b80be05e52b	2_1_2	再贷款_1Y	1Y	Actual/360	内部_再贷款_1Y	52	计财部	\N	固定利率	
459	d93f738c-c1c4-43d4-b2dc-978faae98958	2_2_1_1_1	同业存放活期款项_1D	1D	Actual/360	shibor_1D	4		\N	固定利率	
460	8f26a78e-8336-4dd3-8e9c-a46183806481	2_2_1_2_1	同业存放定期款项_1M	1M	Actual/360	同业存单AAA到期收益率_1M	14		\N	固定利率	
461	902a21aa-2ef3-40f9-a9ff-da5db3781165	2_2_1_2_2	同业存放定期款项_3M	3M	Actual/360	同业存单AAA到期收益率_3M	15		\N	固定利率	
462	89ec043a-57b3-4f98-8f22-aa8c75366e37	2_2_1_2_3	同业存放定期款项_6M	6M	Actual/360	同业存单AAA到期收益率_6M	16		\N	固定利率	
463	b510f339-18c5-46d0-810b-3279b48fd7ae	2_2_1_2_4	同业存放定期款项_1Y	1Y	Actual/360	同业存单AAA到期收益率_1Y	18		\N	固定利率	
464	d7d378c0-0e09-45c3-8603-32bf05855144	2_2_2_1	同业拆入_1D	1D	Actual/360	shibor_1D	4		\N	固定利率	
465	c6632f25-c275-4dae-abe9-bdb338982a45	2_2_3_1	同业借款借入_1D	1D	Actual/360	同业存单AAA到期收益率_1D	19		\N	固定利率	
466	4ddafba6-9cd4-4fc0-9f94-15b595a4a36f	2_2_4_1_1	卖出回购债券_买断式_1D	1D	Actual/360	shibor_1D	4		\N	固定利率	
467	4dd541c7-a904-4aef-a19f-4f0ff8a01ef0	2_2_4_1_2	卖出回购债券_买断式_7D	7D	Actual/360	shibor_7D	5		\N	固定利率	
468	dcc003fa-e089-428b-9765-92c8e5493ada	2_2_4_1_3	卖出回购债券_质押式_1D	1D	Actual/360	shibor_1D	4		\N	固定利率	
469	7909ca4a-b5e0-4185-835b-98f7e4aa1136	2_2_4_1_4	卖出回购债券_质押式_7D	7D	Actual/360	shibor_7D	5		\N	固定利率	
470	83e57bcd-51f4-46bd-990e-232c0dcc958a	2_2_4_2_1	卖出回购票据_买断式_1D	1D	Actual/360	shibor_1D	4		\N	固定利率	
471	96f3e28c-35d1-444a-af7b-d69f1fc45c53	2_2_4_2_2	卖出回购票据_买断式_7D	7D	Actual/360	shibor_7D	5		\N	固定利率	
472	c335c5ec-1fb8-4dac-a19c-0e82cd1b7987	2_2_4_2_3	卖出回购票据_质押式_1D	1D	Actual/360	shibor_1D	4		\N	固定利率	
473	c174bd64-8f2b-48e1-9884-fde54b5d2ee3	2_2_4_2_4	卖出回购票据_质押式_7D	7D	Actual/360	shibor_7D	5		\N	固定利率	
474	f280a9ec-fcfd-48dd-a4dd-76fef7fde0f0	2_3_1	发行同业存单_1M	1M	Actual/360	同业存单AAA到期收益率_1M	14	计财部	\N	固定利率	
475	f8fd722d-b390-4552-baf0-654775106bab	2_3_2	发行同业存单_3M	3M	Actual/360	同业存单AAA到期收益率_3M	15	计财部	\N	固定利率	
476	dd473ad1-e866-4048-87d4-d854fef71314	2_3_3	发行同业存单_6M	6M	Actual/360	同业存单AAA到期收益率_6M	16	计财部	\N	固定利率	
477	a3d0c3a9-e30f-4f96-b2a4-6bdf4e6767db	2_3_4	发行同业存单_9M	9M	Actual/360	同业存单AAA到期收益率_9M	17	计财部	\N	固定利率	
478	c4f62cf4-b78d-4468-8c70-d254652590d4	2_3_5	发行同业存单_1Y	1Y	Actual/360	同业存单AAA到期收益率_1Y	18		\N	固定利率	
479	228fd82d-bafa-4415-9c69-c689646ba579	2_4_1	发行债券_3Y	3Y	Actual/360	商业银行普通金融债到期收益率_AAA_3Y	33		\N	固定利率	
480	0c5d26e2-b2ba-4644-a4ed-bc57774673b0	2_4_2	发行债券_5Y	5Y	Actual/360	商业银行普通金融债到期收益率_AAA_5Y	34		\N	固定利率	
481	6d8570d9-6679-466c-b97b-2c188f2c1c66	2_4_3	发行债券_10Y	10Y	Actual/360	商业银行普通金融债到期收益率_AAA_10Y	35		\N	固定利率	
482	956b64c9-5ca4-4929-9504-6d0d3b59acf7	2_5_1_1_1	单位普通活期存款_1D	1D	Actual/360	内部_单位活期_1D	53	公司金融部	\N	固定利率	
483	8f3e6c8d-8c61-41ce-ad3a-e22e7d77b479	2_5_1_1_2	单位协议活期存款_1D	1D	Actual/360	内部_单位活期_1D	53	公司金融部	\N	固定利率	
484	f27f3653-7693-403d-8bc8-8a8d571fb34a	2_5_1_2_1	单位协议存款_1Y	1Y	Actual/360	内部_单位协议_1Y	54	公司金融部	\N	固定利率	
485	d7da42c1-b197-4a58-b2b2-7f76d7805fa7	2_5_1_2_2	单位协议存款_3Y	3Y	Actual/360	内部_单位协议_3Y	55	公司金融部	\N	固定利率	
486	b49a2439-3406-4174-a7b0-13e0309cbc54	2_5_1_2_3	单位协议存款_5Y	5Y	Actual/360	内部_单位协议_5Y	56	公司金融部	\N	固定利率	
487	cf06fca4-c910-4359-990a-1c3505d0927d	2_5_1_3_1	单位定期_3M	3M	Actual/360	内部_单位定期_3M	57	公司金融部	\N	固定利率	
488	8a700c4b-906a-4477-9a34-c80e2fbfb321	2_5_1_3_2	单位定期_6M	6M	Actual/360	内部_单位定期_6M	58	公司金融部	\N	固定利率	
489	e7e89c3b-883a-491c-95c6-ac4464c5f3cc	2_5_1_3_3	单位定期_1Y	1Y	Actual/360	内部_单位定期_1Y	59	公司金融部	\N	固定利率	
490	aabf1ad4-13f3-4850-8d45-6582782b4e88	2_5_1_3_4	单位定期_2Y	2Y	Actual/360	内部_单位定期_2Y	60	公司金融部	\N	固定利率	
491	7f3d4649-40ea-4598-a18e-fa703c323d0e	2_5_1_3_5	单位定期_3Y	3Y	Actual/360	内部_单位定期_3Y	61	公司金融部	\N	固定利率	
492	2135b4aa-2a9a-492e-9bab-2afcc8de5ffe	2_5_1_3_6	单位定期_5Y	5Y	Actual/360	内部_单位定期_5Y	62	公司金融部	\N	固定利率	
493	59fecd4c-ab77-45ca-8dc9-4a319c450f47	2_5_1_4_1	单位通知存款_1D	1D	Actual/360	内部_单位通知_1D	63	公司金融部	\N	固定利率	
494	7e7782f3-7ab1-4f1b-8f42-d60cc668b5e9	2_5_1_4_2	单位通知存款_7D	7D	Actual/360	内部_单位通知_7D	64	公司金融部	\N	固定利率	
495	3fd31bdc-7ea9-4f76-a889-81fd04d8e629	2_5_1_5_1	单位保本理财_1Y	1Y	Actual/360	内部_理财_1Y	65	公司金融部	\N	固定利率	
496	c29b7554-49e6-4e2c-babe-0ca91391cb9b	2_5_1_6_1	单位大额存单存款_1Y	1Y	Actual/360	内部_大额存单_1Y	66	公司金融部	\N	固定利率	
497	f670d3cf-5a6c-466e-980c-244ba4046fc7	2_5_1_6_2	单位大额存单存款_2Y	2Y	Actual/360	内部_大额存单_2Y	67	公司金融部	\N	固定利率	
498	79bcb1a9-6218-41fd-924a-1ead9e2b5c86	2_5_1_6_3	单位大额存单存款_3Y	3Y	Actual/360	内部_大额存单_3Y	68	公司金融部	\N	固定利率	
499	f1aed8a3-fcbb-4070-9836-55e6a8f553c5	2_5_1_7_1	单位活期保证金存款_1D	1D	Actual/360	内部_单位活期_1D	53	公司金融部	\N	固定利率	
500	f8c5c871-e897-41c9-93e2-7e928731b42f	2_5_1_7_2_1	单位定期保证金存款_3M	3M	Actual/360	内部_单位定期_3M	57	公司金融部	\N	固定利率	
501	940f041c-6722-42e9-9fe3-86b59d14037d	2_5_1_7_2_2	单位定期保证金存款_6M	6M	Actual/360	内部_单位定期_6M	58	公司金融部	\N	固定利率	
502	3e03de98-a4ff-4e6c-9469-06cf0eb29cab	2_5_1_7_2_3	单位定期保证金存款_1Y	1Y	Actual/360	内部_单位定期_1Y	59	公司金融部	\N	固定利率	
503	cc6d5eb8-7f7e-4b90-938f-2518737e5b8f	2_5_1_7_2_4	单位定期保证金存款_2Y	2Y	Actual/360	内部_单位定期_2Y	60	公司金融部	\N	固定利率	
504	7f4a6489-0eb4-4b71-a3df-dd06194f5d67	2_5_1_7_2_5	单位定期保证金存款_3Y	3Y	Actual/360	内部_单位定期_3Y	61	公司金融部	\N	固定利率	
505	7aa1fdd6-83ac-4f15-9dff-eee8de155bda	2_5_2_1_1	个人普通活期存款_1D	1D	Actual/360	内部_个人活期_1D	69	个人金融部	\N	固定利率	
506	51776202-a47b-4386-a8cc-cb5adf8e17a2	2_5_2_1_2	个人协议活期存款_1D	1D	Actual/360	内部_个人协议_1D	70	个人金融部	\N	固定利率	
507	55697c1f-304b-40d1-82e9-9f58a97484dd	2_5_2_2_1_1_1	高兴存_3Y	3Y	Actual/360	内部_个人定期_3Y	71	个人金融部	\N	固定利率	
508	5055681d-e363-43da-a47d-69357925d6c9	2_5_2_2_1_1_2	高兴存_5Y	5Y	Actual/360	内部_个人定期_5Y	72	个人金融部	\N	固定利率	
509	815d1e60-845b-4d05-bdc4-6c322758c935	2_5_2_2_1_2	高兴存（节庆专属）_3Y	3Y	Actual/360	内部_个人定期_3Y	71	个人金融部	\N	固定利率	
510	d0027dd0-712c-4741-8495-eae6fa2abfde	2_5_2_2_1_3_1	高兴存（村镇银行专属）_3Y	3Y	Actual/360	内部_个人定期_3Y	71	个人金融部	\N	固定利率	
511	bfa1f8fa-6395-400c-83e7-d779cc1fe9cb	2_5_2_2_1_3_2	高兴存（村镇银行专属）_5Y	5Y	Actual/360	内部_个人定期_5Y	72	个人金融部	\N	固定利率	
512	ed563be3-e6f9-4e5f-a4ec-09c1e01a1e1d	2_5_2_2_2_1_1	富桂存_月得利_3Y	3Y	Actual/360	内部_个人定期_3Y	71	个人金融部	\N	固定利率	
513	c788f92c-7f4b-43ed-a123-5dce9c646c84	2_5_2_2_2_1_2	富桂存_月得利_5Y	5Y	Actual/360	内部_个人定期_5Y	72	个人金融部	\N	固定利率	
514	9d052864-03f7-4138-bdfc-9fd3ebb00066	2_5_2_2_2_2_1	富桂存_月得利（二期）_3Y	3Y	Actual/360	内部_个人定期_3Y	71	个人金融部	\N	固定利率	
515	c8ccf503-9183-4a39-8369-71083bdd4b5d	2_5_2_2_2_2_2	富桂存_月得利（二期）_5Y	5Y	Actual/360	内部_个人定期_5Y	72	个人金融部	\N	固定利率	
516	e66b68b5-9641-48d6-a0e0-7b4b2079eb04	2_5_2_2_2_3	富桂存_月得利(尊享版)_5Y	5Y	Actual/360	内部_个人定期_5Y	72	个人金融部	\N	固定利率	
517	05dee7c5-5424-41c1-880e-b941d9017e30	2_5_2_2_2_4	富桂存_月得利（E版三年）_3Y	3Y	Actual/361	内部_个人定期_3Y	71	个人金融部	\N	固定利率	
518	d639ebc2-a3a5-4680-b68f-235dc47012f3	2_5_2_2_2_5_1	富桂存_月得利（县域专属）_3Y	3Y	Actual/362	内部_个人定期_3Y	71	个人金融部	\N	固定利率	
519	4eac95f7-8597-4721-ad4b-d07efe6e3ed2	2_5_2_2_2_5_2	富桂存_月得利（县域专属）_5Y	5Y	Actual/363	内部_个人定期_5Y	72	个人金融部	\N	固定利率	
520	7ab02ba9-dee7-4562-9c01-0e14a524fac5	2_5_2_2_2_6	富桂存_月得利（E版五年）_5Y	5Y	Actual/364	内部_个人定期_5Y	72	个人金融部	\N	固定利率	
521	675bd5d2-1941-4d8f-b23c-90841b557c6c	2_5_2_2_2_7	行庆专属存款_5Y	5Y	Actual/365	内部_个人定期_5Y	72	个人金融部	\N	固定利率	
522	b2539358-32ba-4ab1-8ef8-2a07422cdc78	2_5_2_2_2_8_1	区庆专属存款_3Y	3Y	Actual/366	内部_个人定期_3Y	71	个人金融部	\N	固定利率	
523	9c0cd090-3a5a-49d5-a5c0-543dbdfd70b5	2_5_2_2_2_8_2	区庆专属存款_5Y	5Y	Actual/367	内部_个人定期_5Y	72	个人金融部	\N	固定利率	
524	0f9acbc9-fe35-4a3d-9bae-f49f0fe5f760	2_5_2_2_3_1	其他个人定期存款_3M	3M	Actual/368	内部_个人定期_3M	73	个人金融部	\N	固定利率	
525	02327e8d-7887-494b-ae6d-5b9fb7a6268a	2_5_2_2_3_2	其他个人定期存款_6M	6M	Actual/369	内部_个人定期_6M	74	个人金融部	\N	固定利率	
526	13501c05-48e8-4693-83ae-668935afb8f1	2_5_2_2_3_3	其他个人定期存款_1Y	1Y	Actual/370	内部_个人定期_1Y	75	个人金融部	\N	固定利率	
527	9e73396c-f03f-4bfc-8a36-7c4aadfa6e7c	2_5_2_2_3_4	其他个人定期存款_2Y	2Y	Actual/371	内部_个人定期_2Y	76	个人金融部	\N	固定利率	
528	1a455a2d-2354-477a-a9d5-a89d8c2ae02d	2_5_2_2_3_5	其他个人定期存款_3Y	3Y	Actual/372	内部_个人定期_3Y	71	个人金融部	\N	固定利率	
529	996c1d7b-e5b7-4a25-839e-40b03dd98285	2_5_2_2_3_6	其他个人定期存款_5Y	5Y	Actual/373	内部_个人定期_5Y	72	个人金融部	\N	固定利率	
530	471eab3e-7b56-465f-8f46-41a6c772e1d5	2_5_2_3_1	个人通知存款_1D	1D	Actual/374	内部_个人通知_1D	77	个人金融部	\N	固定利率	
531	9751c6ff-2b8a-43b1-b9e4-f2da978c3b37	2_5_2_3_2	个人通知存款_7D	7D	Actual/375	内部_个人通知_7D	78	个人金融部	\N	固定利率	
532	02a48d17-1765-476f-b395-b6bd4f05b32a	2_5_2_4_1	个人保本理财_1Y	1Y	Actual/376	内部_理财_1Y	65	个人金融部	\N	固定利率	
533	da800b78-4ed9-4fee-9cb2-9d1eebe373d5	2_5_2_5_1	个人大额存单存款_3M	3M	Actual/377	内部_大额存单_3M	79	个人金融部	\N	固定利率	
534	37c13035-20b0-4427-9f83-7e4550652752	2_5_2_5_2	个人大额存单存款_6M	6M	Actual/378	内部_大额存单_6M	80	个人金融部	\N	固定利率	
535	6380bb3c-fdef-465e-9b01-896b189bc5a9	2_5_2_5_3	个人大额存单存款_1Y	1Y	Actual/379	内部_大额存单_1Y	66	个人金融部	\N	固定利率	
536	71a21d13-b374-4d86-8aeb-35457af28714	2_5_2_5_4	个人大额存单存款_3Y	3Y	Actual/380	内部_大额存单_3Y	68	个人金融部	\N	固定利率	
537	1bfbde7d-56f9-4ad1-9972-bc8ae8721a93	2_5_2_5_5	个人大额存单存款_5Y	5Y	Actual/381	内部_大额存单_5Y	81	个人金融部	\N	固定利率	
538	69cd4c94-fea8-415f-aa60-fc7dd00bf229	2_5_2_6_1	个人协议存款_1Y	1Y	Actual/382	内部_个人协议_1Y	82	个人金融部	\N	固定利率	
539	00f4e6ab-cdf0-4a71-aada-810cb57c696f	2_5_2_6_2	个人协议存款_5Y	5Y	Actual/383	内部_个人协议_5Y	83	个人金融部	\N	固定利率	
540	f2dcc49e-99d2-467e-8b36-aadbdde89462	2_5_2_7_1	个人定活两便_1D	1D	Actual/384	内部_定活两便_1D	84	个人金融部	\N	固定利率	
541	e77e8ef9-8ab0-4820-a0b7-0105880ffe81	2_5_3_1	国库定期存款_1Y	1Y	Actual/385	内部_国库存款_1Y	85	计财部	\N	固定利率	
542	0b580c13-a92d-4c10-b06e-ca56f3c1725e	2_5_4_1	财政性存款_1Y	1Y	Actual/386	零收益率曲线	1	计财部	\N	固定利率	
543	625be579-7c2c-45da-b917-88240f5c788f	2_5_5_1	应解汇款机临时存款_1D	1D	Actual/387	零收益率曲线	1	计财部	\N	固定利率	
544	50c76dc6-4adc-4529-86ed-2b42d50c2492	2_5_5_2	开出银行汇票_1D	1D	Actual/388	零收益率曲线	1	计财部	\N	固定利率	
545	a74518ab-8c01-41f7-938c-abb44dbb9c03	2_5_5_3	开出银行本票_1D	1D	Actual/389	零收益率曲线	1	计财部	\N	固定利率	
546	1d5e1ae0-7e44-4433-b829-0f982c145024	2_5_5_4	转股协议存款_1D	1D	Actual/390	零收益率曲线	1	计财部	\N	固定利率	
547	f7a6906a-19d7-440c-925e-9497c6638332	2_6_1	代理类负债_1Y	1Y	Actual/391	零收益率曲线	1	计财部	\N	固定利率	
548	66c6db66-481c-48c2-9453-76f718a3938a	2_6_2	转贴现负债_3M	3M	Actual/392	shibor_3M	86	计财部	\N	固定利率	
549	d47b251d-a27c-4d02-b56d-583290e4d7bf	2_6_3	其他负债_30Y	30Y	Actual/393	零收益率曲线	1	计财部	\N	固定利率	
550	7c690d34-46e9-40fc-9ac9-cff6411f7623	3_1_1	所有者权益_10Y	10Y	Actual/394	零收益率曲线	1	计财部	\N	固定利率	
