id	uuid	order_number	curve_name	curve_id	scenario_name	scenario_shift	current_curve_value	m1_value	m2_value	m3_value	m4_value	m5_value	m6_value	m7_value	m8_value	m9_value	m10_value	m11_value	m12_value	m13_value	m14_value	m15_value	m16_value	m17_value	m18_value	m19_value	m20_value	m21_value	m22_value	m23_value	m24_value	remark	created_at	updated_at
1	d4cb2eef-390f-44b6-b374-ef4219b46bb3	1	零收益率曲线	1	基准	0.0	\N	\N	\N	\N	\N	\N	\N	\N	\N	\N	\N	\N	\N	\N	\N	\N	\N	\N	\N	\N	\N	\N	\N	\N	\N	\N	2026-08-14 14:21:22	2026-08-14 14:21:22
2	da1205af-e2f1-4b7a-8ea7-23915bd0800a	2	法定存款准备金收益率	2	上行300BP	0.0	0.02	0.02	0.02	0.02	0.02	0.02	0.02	0.02	0.02	0.02	0.02	0.02	0.02	0.02	0.02	0.02	0.02	0.02	0.02	0.02	0.02	0.02	0.02	0.02	0.02	\N	2026-08-14 14:21:22	2026-08-14 14:48:52
3	71c61bad-d5a7-412a-bea1-d8effb986b86	3	超额存款准备金收益率	3	上行300BP	0.0	0.02	0.02	0.02	0.02	0.02	0.02	0.02	0.02	0.02	0.02	0.02	0.02	0.02	0.02	0.02	0.02	0.02	0.02	0.02	0.02	0.02	0.02	0.02	0.02	0.02	\N	2026-08-14 14:21:22	2026-08-14 14:48:52
4	bf16b5c9-9aed-4f01-83f5-657af1e56d21	4	shibor_1D	4	上行300BP	0.0	0.02	0.02	0.02	0.02	0.02	0.02	0.02	0.02	0.02	0.02	0.02	0.02	0.02	0.02	0.02	0.02	0.02	0.02	0.02	0.02	0.02	0.02	0.02	0.02	0.02	\N	2026-08-14 14:21:22	2026-08-14 14:48:52
5	53f3e4ac-130f-4fcf-8b19-8308bbcfa357	5	shibor_7D	5	上行300BP	0.0	0.02	0.02	0.02	0.02	0.02	0.02	0.02	0.02	0.02	0.02	0.02	0.02	0.02	0.02	0.02	0.02	0.02	0.02	0.02	0.02	0.02	0.02	0.02	0.02	0.02	\N	2026-08-14 14:21:22	2026-08-14 14:48:52
6	2e50ce2a-ebd8-42f2-a419-027b55321c9c	6	shibor_1Y	6	上行300BP	0.0	0.02	0.02	0.02	0.02	0.02	0.02	0.02	0.02	0.02	0.02	0.02	0.02	0.02	0.02	0.02	0.02	0.02	0.02	0.02	0.02	0.02	0.02	0.02	0.02	0.02	\N	2026-08-14 14:21:22	2026-08-14 14:48:52
7	3be0782c-eab0-47b2-b81e-ed34589f3d0d	7	shibor_3Y	7	上行300BP	0.0	0.02	0.02	0.02	0.02	0.02	0.02	0.02	0.02	0.02	0.02	0.02	0.02	0.02	0.02	0.02	0.02	0.02	0.02	0.02	0.02	0.02	0.02	0.02	0.02	0.02	\N	2026-08-14 14:21:22	2026-08-14 14:48:52
8	0a6cb9ef-1ddb-4f7d-b907-8b8cd2b12691	8	shibor_5Y	8	上行300BP	0.0	0.02	0.02	0.02	0.02	0.02	0.02	0.02	0.02	0.02	0.02	0.02	0.02	0.02	0.02	0.02	0.02	0.02	0.02	0.02	0.02	0.02	0.02	0.02	0.02	0.02	\N	2026-08-14 14:21:22	2026-08-14 14:48:52
9	0e8fea1c-1609-4eff-8c57-a2f72017c638	9	同业存单AAA到期收益率_1M	9	上行300BP	0.0	0.02	0.02	0.02	0.02	0.02	0.02	0.02	0.02	0.02	0.02	0.02	0.02	0.02	0.02	0.02	0.02	0.02	0.02	0.02	0.02	0.02	0.02	0.02	0.02	0.02	\N	2026-08-14 14:21:22	2026-08-14 14:48:52
10	6854e1bd-8d0f-446c-8de2-557b17bf1b8e	10	同业存单AAA到期收益率_3M	10	上行300BP	0.0	0.02	0.02	0.02	0.02	0.02	0.02	0.02	0.02	0.02	0.02	0.02	0.02	0.02	0.02	0.02	0.02	0.02	0.02	0.02	0.02	0.02	0.02	0.02	0.02	0.02	\N	2026-08-14 14:21:22	2026-08-14 14:48:52
11	048d5f66-db08-4a03-b213-2400c774ec5f	11	同业存单AAA到期收益率_6M	11	上行300BP	0.0	0.02	0.02	0.02	0.02	0.02	0.02	0.02	0.02	0.02	0.02	0.02	0.02	0.02	0.02	0.02	0.02	0.02	0.02	0.02	0.02	0.02	0.02	0.02	0.02	0.02	\N	2026-08-14 14:21:22	2026-08-14 14:48:52
12	b360d878-bd8a-4864-9a0b-c4797a708566	12	同业存单AAA到期收益率_1Y	12	上行300BP	0.0	0.02	0.02	0.02	0.02	0.02	0.02	0.02	0.02	0.02	0.02	0.02	0.02	0.02	0.02	0.02	0.02	0.02	0.02	0.02	0.02	0.02	0.02	0.02	0.02	0.02	\N	2026-08-14 14:21:22	2026-08-14 14:48:52
13	fca1937e-d490-41e9-94f0-93dfbf1dfdd6	13	同业存单AAA到期收益率_1D	13	上行300BP	0.0	0.02	0.02	0.02	0.02	0.02	0.02	0.02	0.02	0.02	0.02	0.02	0.02	0.02	0.02	0.02	0.02	0.02	0.02	0.02	0.02	0.02	0.02	0.02	0.02	0.02	\N	2026-08-14 14:21:22	2026-08-14 14:48:52
14	025f6d5f-3790-489c-ad42-8f9136653012	14	国债到期收益率_1Y	14	上行300BP	0.0	0.02	0.02	0.02	0.02	0.02	0.02	0.02	0.02	0.02	0.02	0.02	0.02	0.02	0.02	0.02	0.02	0.02	0.02	0.02	0.02	0.02	0.02	0.02	0.02	0.02	\N	2026-08-14 14:21:22	2026-08-14 14:48:52
15	fe6066fb-a2cb-4cf2-861a-40d88ba592d2	15	国债到期收益率_3Y	15	上行300BP	0.0	0.02	0.02	0.02	0.02	0.02	0.02	0.02	0.02	0.02	0.02	0.02	0.02	0.02	0.02	0.02	0.02	0.02	0.02	0.02	0.02	0.02	0.02	0.02	0.02	0.02	\N	2026-08-14 14:21:22	2026-08-14 14:48:52
16	dc8f4048-7be9-4720-8fc3-32943d34717c	16	国债到期收益率_5Y	16	上行300BP	0.0	0.02	0.02	0.02	0.02	0.02	0.02	0.02	0.02	0.02	0.02	0.02	0.02	0.02	0.02	0.02	0.02	0.02	0.02	0.02	0.02	0.02	0.02	0.02	0.02	0.02	\N	2026-08-14 14:21:22	2026-08-14 14:48:52
17	8c0a4984-c7a5-4e43-aab6-9223b34d4106	17	国债到期收益率_10Y	17	上行300BP	0.0	0.02	0.02	0.02	0.02	0.02	0.02	0.02	0.02	0.02	0.02	0.02	0.02	0.02	0.02	0.02	0.02	0.02	0.02	0.02	0.02	0.02	0.02	0.02	0.02	0.02	\N	2026-08-14 14:21:22	2026-08-14 14:48:52
18	c6ea31b5-8e2f-46af-af3d-7547718ea5c0	18	地方政府债收益率曲线_AAA_1Y	18	上行300BP	0.0	0.02	0.02	0.02	0.02	0.02	0.02	0.02	0.02	0.02	0.02	0.02	0.02	0.02	0.02	0.02	0.02	0.02	0.02	0.02	0.02	0.02	0.02	0.02	0.02	0.02	\N	2026-08-14 14:21:22	2026-08-14 14:48:52
19	2788fd66-fd85-43b8-bd3a-055e5abf93ea	19	地方政府债收益率曲线_AAA_3Y	19	上行300BP	0.0	0.02	0.02	0.02	0.02	0.02	0.02	0.02	0.02	0.02	0.02	0.02	0.02	0.02	0.02	0.02	0.02	0.02	0.02	0.02	0.02	0.02	0.02	0.02	0.02	0.02	\N	2026-08-14 14:21:22	2026-08-14 14:48:52
20	dfdb7b64-8aca-4002-b57a-4c607a2f9197	20	地方政府债收益率曲线_AAA_5Y	20	上行300BP	0.0	0.02	0.02	0.02	0.02	0.02	0.02	0.02	0.02	0.02	0.02	0.02	0.02	0.02	0.02	0.02	0.02	0.02	0.02	0.02	0.02	0.02	0.02	0.02	0.02	0.02	\N	2026-08-14 14:21:22	2026-08-14 14:48:52
21	c518db3a-8f29-45a9-a608-5f14dde21ea0	21	地方政府债收益率曲线_AAA_10Y	21	上行300BP	0.0	0.02	0.02	0.02	0.02	0.02	0.02	0.02	0.02	0.02	0.02	0.02	0.02	0.02	0.02	0.02	0.02	0.02	0.02	0.02	0.02	0.02	0.02	0.02	0.02	0.02	\N	2026-08-14 14:21:22	2026-08-14 14:48:52
22	548d86ee-dd5d-4292-8235-471a009bbe9b	22	国开债收益率曲线_1Y	22	上行300BP	0.0	0.02	0.02	0.02	0.02	0.02	0.02	0.02	0.02	0.02	0.02	0.02	0.02	0.02	0.02	0.02	0.02	0.02	0.02	0.02	0.02	0.02	0.02	0.02	0.02	0.02	\N	2026-08-14 14:21:22	2026-08-14 14:48:52
23	2112797d-775f-4d21-bdbc-d26515edeed4	23	国开债收益率曲线_3Y	23	上行300BP	0.0	0.02	0.02	0.02	0.02	0.02	0.02	0.02	0.02	0.02	0.02	0.02	0.02	0.02	0.02	0.02	0.02	0.02	0.02	0.02	0.02	0.02	0.02	0.02	0.02	0.02	\N	2026-08-14 14:21:22	2026-08-14 14:48:52
24	7f95d315-674f-4d5f-bafb-ba7bae42f1e5	24	国开债收益率曲线_5Y	24	上行300BP	0.0	0.02	0.02	0.02	0.02	0.02	0.02	0.02	0.02	0.02	0.02	0.02	0.02	0.02	0.02	0.02	0.02	0.02	0.02	0.02	0.02	0.02	0.02	0.02	0.02	0.02	\N	2026-08-14 14:21:22	2026-08-14 14:48:52
25	2b70c2fd-09f8-468c-8b0b-4610c13c174a	25	国开债收益率曲线_10Y	25	上行300BP	0.0	0.02	0.02	0.02	0.02	0.02	0.02	0.02	0.02	0.02	0.02	0.02	0.02	0.02	0.02	0.02	0.02	0.02	0.02	0.02	0.02	0.02	0.02	0.02	0.02	0.02	\N	2026-08-14 14:21:22	2026-08-14 14:48:52
26	90db9925-b46b-48dc-b8a9-d75b729a8bc6	26	商业银行普通金融债到期收益率_AAA_1Y	26	上行300BP	0.0	0.02	0.02	0.02	0.02	0.02	0.02	0.02	0.02	0.02	0.02	0.02	0.02	0.02	0.02	0.02	0.02	0.02	0.02	0.02	0.02	0.02	0.02	0.02	0.02	0.02	\N	2026-08-14 14:21:22	2026-08-14 14:48:52
27	6107e650-f989-4911-a3ea-efc817653857	27	商业银行普通金融债到期收益率_AAA_3Y	27	上行300BP	0.0	0.02	0.02	0.02	0.02	0.02	0.02	0.02	0.02	0.02	0.02	0.02	0.02	0.02	0.02	0.02	0.02	0.02	0.02	0.02	0.02	0.02	0.02	0.02	0.02	0.02	\N	2026-08-14 14:21:22	2026-08-14 14:48:52
28	9770c298-bb10-44b4-ad83-b3cb3709f7e4	28	商业银行普通金融债到期收益率_AAA_5Y	28	上行300BP	0.0	0.02	0.02	0.02	0.02	0.02	0.02	0.02	0.02	0.02	0.02	0.02	0.02	0.02	0.02	0.02	0.02	0.02	0.02	0.02	0.02	0.02	0.02	0.02	0.02	0.02	\N	2026-08-14 14:21:22	2026-08-14 14:48:52
29	4d561d4f-b485-4ccd-9ce0-77b0fa4b6813	29	商业银行普通金融债到期收益率_AAA_10Y	29	上行300BP	0.0	0.02	0.02	0.02	0.02	0.02	0.02	0.02	0.02	0.02	0.02	0.02	0.02	0.02	0.02	0.02	0.02	0.02	0.02	0.02	0.02	0.02	0.02	0.02	0.02	0.02	\N	2026-08-14 14:21:22	2026-08-14 14:48:52
30	90522bb5-892a-48c0-906f-60ce2c8d8795	30	企业收益率曲线AAA_1Y	30	上行300BP	0.0	0.02	0.02	0.02	0.02	0.02	0.02	0.02	0.02	0.02	0.02	0.02	0.02	0.02	0.02	0.02	0.02	0.02	0.02	0.02	0.02	0.02	0.02	0.02	0.02	0.02	\N	2026-08-14 14:21:22	2026-08-14 14:48:52
31	f01b2705-5b6c-40d1-ac98-70834de11c44	31	企业收益率曲线AAA_3Y	31	上行300BP	0.0	0.02	0.02	0.02	0.02	0.02	0.02	0.02	0.02	0.02	0.02	0.02	0.02	0.02	0.02	0.02	0.02	0.02	0.02	0.02	0.02	0.02	0.02	0.02	0.02	0.02	\N	2026-08-14 14:21:22	2026-08-14 14:48:52
32	b1e735c7-3e07-47c2-b202-ef5c4029bca6	32	企业收益率曲线AAA_5Y	32	上行300BP	0.0	0.02	0.02	0.02	0.02	0.02	0.02	0.02	0.02	0.02	0.02	0.02	0.02	0.02	0.02	0.02	0.02	0.02	0.02	0.02	0.02	0.02	0.02	0.02	0.02	0.02	\N	2026-08-14 14:21:22	2026-08-14 14:48:52
33	b83c29f2-be0f-4c33-9b69-b00b836b5922	33	企业收益率曲线AAA_10Y	33	上行300BP	0.0	0.02	0.02	0.02	0.02	0.02	0.02	0.02	0.02	0.02	0.02	0.02	0.02	0.02	0.02	0.02	0.02	0.02	0.02	0.02	0.02	0.02	0.02	0.02	0.02	0.02	\N	2026-08-14 14:21:22	2026-08-14 14:48:52
34	e73de7d8-68df-48f3-b111-6a5415c89922	34	法定存贷款利率_LPR_3M	34	上行300BP	0.0	0.02	0.02	0.02	0.02	0.02	0.02	0.02	0.02	0.02	0.02	0.02	0.02	0.02	0.02	0.02	0.02	0.02	0.02	0.02	0.02	0.02	0.02	0.02	0.02	0.02	\N	2026-08-14 14:21:22	2026-08-14 14:48:52
35	85c73b28-d945-4840-970d-946190ab54e9	35	法定存贷款利率_LPR_6M	35	上行300BP	0.0	0.02	0.02	0.02	0.02	0.02	0.02	0.02	0.02	0.02	0.02	0.02	0.02	0.02	0.02	0.02	0.02	0.02	0.02	0.02	0.02	0.02	0.02	0.02	0.02	0.02	\N	2026-08-14 14:21:22	2026-08-14 14:48:52
36	bbcb0cb6-7266-4fcc-9767-b7fe25ddfb54	36	法定存贷款利率_LPR_1Y	36	上行300BP	0.0	0.02	0.02	0.02	0.02	0.02	0.02	0.02	0.02	0.02	0.02	0.02	0.02	0.02	0.02	0.02	0.02	0.02	0.02	0.02	0.02	0.02	0.02	0.02	0.02	0.02	\N	2026-08-14 14:21:22	2026-08-14 14:48:52
37	ff40318c-fd94-4c2c-a0ae-28ec3f843895	37	法定存贷款利率_LPR_2Y	37	上行300BP	0.0	0.02	0.02	0.02	0.02	0.02	0.02	0.02	0.02	0.02	0.02	0.02	0.02	0.02	0.02	0.02	0.02	0.02	0.02	0.02	0.02	0.02	0.02	0.02	0.02	0.02	\N	2026-08-14 14:21:22	2026-08-14 14:48:52
38	78168428-56b6-4d26-a4d6-a49b36b3a3b9	38	法定存贷款利率_LPR_3Y	38	上行300BP	0.0	0.02	0.02	0.02	0.02	0.02	0.02	0.02	0.02	0.02	0.02	0.02	0.02	0.02	0.02	0.02	0.02	0.02	0.02	0.02	0.02	0.02	0.02	0.02	0.02	0.02	\N	2026-08-14 14:21:22	2026-08-14 14:48:52
39	62253df4-e12f-437e-a930-17cb7721e905	39	法定存贷款利率_LPR_5Y	39	上行300BP	0.0	0.02	0.02	0.02	0.02	0.02	0.02	0.02	0.02	0.02	0.02	0.02	0.02	0.02	0.02	0.02	0.02	0.02	0.02	0.02	0.02	0.02	0.02	0.02	0.02	0.02	\N	2026-08-14 14:21:22	2026-08-14 14:48:52
40	bb2b69b3-6755-4764-8c69-61b5c650fab5	40	法定存贷款利率_LPR_10Y	40	上行300BP	0.0	0.02	0.02	0.02	0.02	0.02	0.02	0.02	0.02	0.02	0.02	0.02	0.02	0.02	0.02	0.02	0.02	0.02	0.02	0.02	0.02	0.02	0.02	0.02	0.02	0.02	\N	2026-08-14 14:21:22	2026-08-14 14:48:52
41	8bbe79c6-4fd3-40bd-a389-bcb66d93c18c	41	内部_票据贴现利率_3M	41	上行300BP	0.0	0.02	0.02	0.02	0.02	0.02	0.02	0.02	0.02	0.02	0.02	0.02	0.02	0.02	0.02	0.02	0.02	0.02	0.02	0.02	0.02	0.02	0.02	0.02	0.02	0.02	\N	2026-08-14 14:21:22	2026-08-14 14:48:52
42	66fce355-1436-4537-8599-069b8267e191	42	城商转贴现收益率曲线_6M	42	上行300BP	0.0	0.02	0.02	0.02	0.02	0.02	0.02	0.02	0.02	0.02	0.02	0.02	0.02	0.02	0.02	0.02	0.02	0.02	0.02	0.02	0.02	0.02	0.02	0.02	0.02	0.02	\N	2026-08-14 14:21:22	2026-08-14 14:48:52
43	cfec24a7-2196-4d04-b32f-07afcd159c78	43	内部_福费廷_3M	43	上行300BP	0.0	0.02	0.02	0.02	0.02	0.02	0.02	0.02	0.02	0.02	0.02	0.02	0.02	0.02	0.02	0.02	0.02	0.02	0.02	0.02	0.02	0.02	0.02	0.02	0.02	0.02	\N	2026-08-14 14:21:22	2026-08-14 14:48:52
44	6b595b1c-593f-4580-b7d2-591a611745f9	44	内部_应收款买断_3M	44	上行300BP	0.0	0.02	0.02	0.02	0.02	0.02	0.02	0.02	0.02	0.02	0.02	0.02	0.02	0.02	0.02	0.02	0.02	0.02	0.02	0.02	0.02	0.02	0.02	0.02	0.02	0.02	\N	2026-08-14 14:21:22	2026-08-14 14:48:52
45	c794e7d8-aa03-4f7b-8b97-b4b44e52f499	45	内部_再贴现_1Y	45	上行300BP	0.0	0.02	0.02	0.02	0.02	0.02	0.02	0.02	0.02	0.02	0.02	0.02	0.02	0.02	0.02	0.02	0.02	0.02	0.02	0.02	0.02	0.02	0.02	0.02	0.02	0.02	\N	2026-08-14 14:21:22	2026-08-14 14:48:52
46	0e10bd24-f865-4bff-a02a-1acab51af4ce	46	内部_再贷款_1Y	46	上行300BP	0.0	0.02	0.02	0.02	0.02	0.02	0.02	0.02	0.02	0.02	0.02	0.02	0.02	0.02	0.02	0.02	0.02	0.02	0.02	0.02	0.02	0.02	0.02	0.02	0.02	0.02	\N	2026-08-14 14:21:22	2026-08-14 14:48:52
47	3d877359-e87d-4642-991e-59241f74fbae	47	内部_单位活期_1D	47	上行300BP	0.0	0.02	0.02	0.02	0.02	0.02	0.02	0.02	0.02	0.02	0.02	0.02	0.02	0.02	0.02	0.02	0.02	0.02	0.02	0.02	0.02	0.02	0.02	0.02	0.02	0.02	\N	2026-08-14 14:21:22	2026-08-14 14:48:52
48	6e52a4f3-f690-4cf5-8c23-2f8f16aa3487	48	内部_单位协议_1Y	48	上行300BP	0.0	0.02	0.02	0.02	0.02	0.02	0.02	0.02	0.02	0.02	0.02	0.02	0.02	0.02	0.02	0.02	0.02	0.02	0.02	0.02	0.02	0.02	0.02	0.02	0.02	0.02	\N	2026-08-14 14:21:22	2026-08-14 14:48:52
49	a5806d3b-b585-4254-8606-f7e39cf64046	49	内部_单位协议_3Y	49	上行300BP	0.0	0.02	0.02	0.02	0.02	0.02	0.02	0.02	0.02	0.02	0.02	0.02	0.02	0.02	0.02	0.02	0.02	0.02	0.02	0.02	0.02	0.02	0.02	0.02	0.02	0.02	\N	2026-08-14 14:21:22	2026-08-14 14:48:52
50	ab49bf68-cc7a-453e-9c98-2a0927ad88eb	50	内部_单位协议_5Y	50	上行300BP	0.0	0.02	0.02	0.02	0.02	0.02	0.02	0.02	0.02	0.02	0.02	0.02	0.02	0.02	0.02	0.02	0.02	0.02	0.02	0.02	0.02	0.02	0.02	0.02	0.02	0.02	\N	2026-08-14 14:21:22	2026-08-14 14:48:52
51	74a7705b-1eb9-46e0-9640-dc1ca8abdfa6	51	内部_单位定期_3M	51	上行300BP	0.0	0.02	0.02	0.02	0.02	0.02	0.02	0.02	0.02	0.02	0.02	0.02	0.02	0.02	0.02	0.02	0.02	0.02	0.02	0.02	0.02	0.02	0.02	0.02	0.02	0.02	\N	2026-08-14 14:21:22	2026-08-14 14:48:52
52	a076d89a-489c-4d4a-bef0-557020872f86	52	内部_单位定期_6M	52	上行300BP	0.0	0.02	0.02	0.02	0.02	0.02	0.02	0.02	0.02	0.02	0.02	0.02	0.02	0.02	0.02	0.02	0.02	0.02	0.02	0.02	0.02	0.02	0.02	0.02	0.02	0.02	\N	2026-08-14 14:21:22	2026-08-14 14:48:52
53	e76788f3-b31a-4feb-909f-b372129271b6	53	内部_单位定期_1Y	53	上行300BP	0.0	0.02	0.02	0.02	0.02	0.02	0.02	0.02	0.02	0.02	0.02	0.02	0.02	0.02	0.02	0.02	0.02	0.02	0.02	0.02	0.02	0.02	0.02	0.02	0.02	0.02	\N	2026-08-14 14:21:22	2026-08-14 14:48:52
54	54ebfbf9-5e30-4f5d-8e28-24016a8cb5cd	54	内部_单位定期_2Y	54	上行300BP	0.0	0.02	0.02	0.02	0.02	0.02	0.02	0.02	0.02	0.02	0.02	0.02	0.02	0.02	0.02	0.02	0.02	0.02	0.02	0.02	0.02	0.02	0.02	0.02	0.02	0.02	\N	2026-08-14 14:21:22	2026-08-14 14:48:52
55	e7704dd6-58fa-4ad3-9db4-e3bd72f3c3a3	55	内部_单位定期_3Y	55	上行300BP	0.0	0.02	0.02	0.02	0.02	0.02	0.02	0.02	0.02	0.02	0.02	0.02	0.02	0.02	0.02	0.02	0.02	0.02	0.02	0.02	0.02	0.02	0.02	0.02	0.02	0.02	\N	2026-08-14 14:21:22	2026-08-14 14:48:52
56	38b3ec9d-ef2c-4f39-afdc-b0c35b1e4839	56	内部_单位定期_5Y	56	上行300BP	0.0	0.02	0.02	0.02	0.02	0.02	0.02	0.02	0.02	0.02	0.02	0.02	0.02	0.02	0.02	0.02	0.02	0.02	0.02	0.02	0.02	0.02	0.02	0.02	0.02	0.02	\N	2026-08-14 14:21:22	2026-08-14 14:48:52
57	0a541e9a-6e8c-4bd6-a40e-743624216742	57	内部_单位通知_1D	57	上行300BP	0.0	0.02	0.02	0.02	0.02	0.02	0.02	0.02	0.02	0.02	0.02	0.02	0.02	0.02	0.02	0.02	0.02	0.02	0.02	0.02	0.02	0.02	0.02	0.02	0.02	0.02	\N	2026-08-14 14:21:22	2026-08-14 14:48:52
58	f63d0ce0-2d93-4afb-b7f6-c60bfbcffed8	58	内部_单位通知_7D	58	上行300BP	0.0	0.02	0.02	0.02	0.02	0.02	0.02	0.02	0.02	0.02	0.02	0.02	0.02	0.02	0.02	0.02	0.02	0.02	0.02	0.02	0.02	0.02	0.02	0.02	0.02	0.02	\N	2026-08-14 14:21:22	2026-08-14 14:48:52
59	783b904b-3a77-4739-be68-ba02a3141578	59	内部_理财_1Y	59	上行300BP	0.0	0.02	0.02	0.02	0.02	0.02	0.02	0.02	0.02	0.02	0.02	0.02	0.02	0.02	0.02	0.02	0.02	0.02	0.02	0.02	0.02	0.02	0.02	0.02	0.02	0.02	\N	2026-08-14 14:21:22	2026-08-14 14:48:52
60	af091375-28fa-4bbc-bd9a-e80ac3852509	60	内部_大额存单_1Y	60	上行300BP	0.0	0.02	0.02	0.02	0.02	0.02	0.02	0.02	0.02	0.02	0.02	0.02	0.02	0.02	0.02	0.02	0.02	0.02	0.02	0.02	0.02	0.02	0.02	0.02	0.02	0.02	\N	2026-08-14 14:21:22	2026-08-14 14:48:52
61	d5f6db49-9e22-46ea-8905-ee78a8ce8111	61	内部_大额存单_2Y	61	上行300BP	0.0	0.02	0.02	0.02	0.02	0.02	0.02	0.02	0.02	0.02	0.02	0.02	0.02	0.02	0.02	0.02	0.02	0.02	0.02	0.02	0.02	0.02	0.02	0.02	0.02	0.02	\N	2026-08-14 14:21:22	2026-08-14 14:48:52
62	3778c760-ce35-4867-b3c5-ccf6172b9720	62	内部_大额存单_3Y	62	上行300BP	0.0	0.02	0.02	0.02	0.02	0.02	0.02	0.02	0.02	0.02	0.02	0.02	0.02	0.02	0.02	0.02	0.02	0.02	0.02	0.02	0.02	0.02	0.02	0.02	0.02	0.02	\N	2026-08-14 14:21:22	2026-08-14 14:48:52
63	c4ea48df-f8b1-40c5-8740-137f72cd7398	63	内部_个人活期_1D	63	上行300BP	0.0	0.02	0.02	0.02	0.02	0.02	0.02	0.02	0.02	0.02	0.02	0.02	0.02	0.02	0.02	0.02	0.02	0.02	0.02	0.02	0.02	0.02	0.02	0.02	0.02	0.02	\N	2026-08-14 14:21:22	2026-08-14 14:48:52
64	bb73cbd0-1cbb-4e5a-a6a9-46f3260e5d09	64	内部_个人协议_1D	64	上行300BP	0.0	0.02	0.02	0.02	0.02	0.02	0.02	0.02	0.02	0.02	0.02	0.02	0.02	0.02	0.02	0.02	0.02	0.02	0.02	0.02	0.02	0.02	0.02	0.02	0.02	0.02	\N	2026-08-14 14:21:22	2026-08-14 14:48:52
65	e6cd679a-da95-4ba7-ab93-4d43da2ed671	65	内部_个人定期_3Y	65	上行300BP	0.0	0.02	0.02	0.02	0.02	0.02	0.02	0.02	0.02	0.02	0.02	0.02	0.02	0.02	0.02	0.02	0.02	0.02	0.02	0.02	0.02	0.02	0.02	0.02	0.02	0.02	\N	2026-08-14 14:21:22	2026-08-14 14:48:52
66	dd7e4936-fcdd-4402-884f-f52b0ee7fb7a	66	内部_个人定期_5Y	66	上行300BP	0.0	0.02	0.02	0.02	0.02	0.02	0.02	0.02	0.02	0.02	0.02	0.02	0.02	0.02	0.02	0.02	0.02	0.02	0.02	0.02	0.02	0.02	0.02	0.02	0.02	0.02	\N	2026-08-14 14:21:22	2026-08-14 14:48:52
67	616b8dfe-4a78-4b28-9181-9bf8821a27d0	67	内部_个人定期_3M	67	上行300BP	0.0	0.02	0.02	0.02	0.02	0.02	0.02	0.02	0.02	0.02	0.02	0.02	0.02	0.02	0.02	0.02	0.02	0.02	0.02	0.02	0.02	0.02	0.02	0.02	0.02	0.02	\N	2026-08-14 14:21:22	2026-08-14 14:48:52
68	0864621b-05ed-45c3-80ea-98144fecfe17	68	内部_个人定期_6M	68	上行300BP	0.0	0.02	0.02	0.02	0.02	0.02	0.02	0.02	0.02	0.02	0.02	0.02	0.02	0.02	0.02	0.02	0.02	0.02	0.02	0.02	0.02	0.02	0.02	0.02	0.02	0.02	\N	2026-08-14 14:21:22	2026-08-14 14:48:52
69	610a2cb4-6821-4827-96fb-08b007ca0d39	69	内部_个人定期_1Y	69	上行300BP	0.0	0.02	0.02	0.02	0.02	0.02	0.02	0.02	0.02	0.02	0.02	0.02	0.02	0.02	0.02	0.02	0.02	0.02	0.02	0.02	0.02	0.02	0.02	0.02	0.02	0.02	\N	2026-08-14 14:21:22	2026-08-14 14:48:52
70	b7cce4eb-7ce3-40f7-ba84-00a280c4d497	70	内部_个人定期_2Y	70	上行300BP	0.0	0.02	0.02	0.02	0.02	0.02	0.02	0.02	0.02	0.02	0.02	0.02	0.02	0.02	0.02	0.02	0.02	0.02	0.02	0.02	0.02	0.02	0.02	0.02	0.02	0.02	\N	2026-08-14 14:21:22	2026-08-14 14:48:52
71	6590235f-dfd2-4e57-ba8a-d834bee4c1a3	71	内部_个人通知_1D	71	上行300BP	0.0	0.02	0.02	0.02	0.02	0.02	0.02	0.02	0.02	0.02	0.02	0.02	0.02	0.02	0.02	0.02	0.02	0.02	0.02	0.02	0.02	0.02	0.02	0.02	0.02	0.02	\N	2026-08-14 14:21:22	2026-08-14 14:48:52
72	419e7e01-3380-486b-9cdb-117cc892bb2a	72	内部_个人通知_7D	72	上行300BP	0.0	0.02	0.02	0.02	0.02	0.02	0.02	0.02	0.02	0.02	0.02	0.02	0.02	0.02	0.02	0.02	0.02	0.02	0.02	0.02	0.02	0.02	0.02	0.02	0.02	0.02	\N	2026-08-14 14:21:22	2026-08-14 14:48:52
73	033b981d-e967-4bbe-b61b-be674f2603d3	73	内部_大额存单_3M	73	上行300BP	0.0	0.02	0.02	0.02	0.02	0.02	0.02	0.02	0.02	0.02	0.02	0.02	0.02	0.02	0.02	0.02	0.02	0.02	0.02	0.02	0.02	0.02	0.02	0.02	0.02	0.02	\N	2026-08-14 14:21:22	2026-08-14 14:48:52
74	c7124308-dc94-4840-a3c9-6552cbb3b5a9	74	内部_大额存单_6M	74	上行300BP	0.0	0.02	0.02	0.02	0.02	0.02	0.02	0.02	0.02	0.02	0.02	0.02	0.02	0.02	0.02	0.02	0.02	0.02	0.02	0.02	0.02	0.02	0.02	0.02	0.02	0.02	\N	2026-08-14 14:21:22	2026-08-14 14:48:52
75	0890b0dc-9c5a-417f-959e-10f025401abc	75	内部_大额存单_5Y	75	上行300BP	0.0	0.02	0.02	0.02	0.02	0.02	0.02	0.02	0.02	0.02	0.02	0.02	0.02	0.02	0.02	0.02	0.02	0.02	0.02	0.02	0.02	0.02	0.02	0.02	0.02	0.02	\N	2026-08-14 14:21:22	2026-08-14 14:48:52
76	6fd4e634-0655-49b5-8f4b-36d255974282	76	内部_个人协议_1Y	76	上行300BP	0.0	0.02	0.02	0.02	0.02	0.02	0.02	0.02	0.02	0.02	0.02	0.02	0.02	0.02	0.02	0.02	0.02	0.02	0.02	0.02	0.02	0.02	0.02	0.02	0.02	0.02	\N	2026-08-14 14:21:22	2026-08-14 14:48:52
77	a86805b6-22cf-4673-860b-8257b4508f37	77	内部_个人协议_5Y	77	上行300BP	0.0	0.02	0.02	0.02	0.02	0.02	0.02	0.02	0.02	0.02	0.02	0.02	0.02	0.02	0.02	0.02	0.02	0.02	0.02	0.02	0.02	0.02	0.02	0.02	0.02	0.02	\N	2026-08-14 14:21:22	2026-08-14 14:48:52
78	63340e80-7ed3-452e-980e-bb15ff8bda5a	78	内部_定活两便_1D	78	上行300BP	0.0	0.02	0.02	0.02	0.02	0.02	0.02	0.02	0.02	0.02	0.02	0.02	0.02	0.02	0.02	0.02	0.02	0.02	0.02	0.02	0.02	0.02	0.02	0.02	0.02	0.02	\N	2026-08-14 14:21:22	2026-08-14 14:48:52
79	1524f853-f395-40c6-9203-f91b7f90d46d	79	内部_国库存款_1Y	79	上行300BP	0.0	0.02	0.02	0.02	0.02	0.02	0.02	0.02	0.02	0.02	0.02	0.02	0.02	0.02	0.02	0.02	0.02	0.02	0.02	0.02	0.02	0.02	0.02	0.02	0.02	0.02	\N	2026-08-14 14:21:22	2026-08-14 14:48:52
80	fb9f2d00-cfd2-4666-b5ef-ecbb758a7356	80	shibor_3M	80	上行300BP	0.0	0.02	0.02	0.02	0.02	0.02	0.02	0.02	0.02	0.02	0.02	0.02	0.02	0.02	0.02	0.02	0.02	0.02	0.02	0.02	0.02	0.02	0.02	0.02	0.02	0.02	\N	2026-08-14 14:21:22	2026-08-14 14:48:52
81	e47b01a8-f327-4e49-a9ee-cef50b1157e2	81	备用曲线1	81	上行300BP	0.0	0.02	0.02	0.02	0.02	0.02	0.02	0.02	0.02	0.02	0.02	0.02	0.02	0.02	0.02	0.02	0.02	0.02	0.02	0.02	0.02	0.02	0.02	0.02	0.02	0.02	\N	2026-08-14 14:21:22	2026-08-14 14:48:52
82	e4053147-6d0d-4150-b9ba-424a031ecdf2	82	备用曲线2	82	上行300BP	0.0	0.02	0.02	0.02	0.02	0.02	0.02	0.02	0.02	0.02	0.02	0.02	0.02	0.02	0.02	0.02	0.02	0.02	0.02	0.02	0.02	0.02	0.02	0.02	0.02	0.02	\N	2026-08-14 14:21:22	2026-08-14 14:48:52
83	8145e749-068f-47b5-9287-293c680e9a17	83	备用曲线3	83	上行300BP	0.0	0.02	0.02	0.02	0.02	0.02	0.02	0.02	0.02	0.02	0.02	0.02	0.02	0.02	0.02	0.02	0.02	0.02	0.02	0.02	0.02	0.02	0.02	0.02	0.02	0.02	\N	2026-08-14 14:21:22	2026-08-14 14:48:52
84	d1d7a122-31c6-4074-ae5a-0aa593d81f7a	84	备用曲线4	84	上行300BP	0.0	0.02	0.02	0.02	0.02	0.02	0.02	0.02	0.02	0.02	0.02	0.02	0.02	0.02	0.02	0.02	0.02	0.02	0.02	0.02	0.02	0.02	0.02	0.02	0.02	0.02	\N	2026-08-14 14:21:22	2026-08-14 14:48:52
85	03120429-db57-4e5c-9820-c57ca1b83c0a	85	备用曲线5	85	上行300BP	0.0	0.02	0.02	0.02	0.02	0.02	0.02	0.02	0.02	0.02	0.02	0.02	0.02	0.02	0.02	0.02	0.02	0.02	0.02	0.02	0.02	0.02	0.02	0.02	0.02	0.02	\N	2026-08-14 14:21:22	2026-08-14 14:48:52
86	222211fe-8279-4309-995c-283e41d85870	86	备用曲线6	86	上行300BP	0.0	0.02	0.02	0.02	0.02	0.02	0.02	0.02	0.02	0.02	0.02	0.02	0.02	0.02	0.02	0.02	0.02	0.02	0.02	0.02	0.02	0.02	0.02	0.02	0.02	0.02	\N	2026-08-14 14:21:22	2026-08-14 14:48:52
87	0868d729-e1fc-493b-a536-61200b84c6b4	87	备用曲线7	87	上行300BP	0.0	0.02	0.02	0.02	0.02	0.02	0.02	0.02	0.02	0.02	0.02	0.02	0.02	0.02	0.02	0.02	0.02	0.02	0.02	0.02	0.02	0.02	0.02	0.02	0.02	0.02	\N	2026-08-14 14:21:22	2026-08-14 14:48:52
88	923891f5-759c-4019-9c16-01baa1b50620	88	备用曲线8	88	上行300BP	0.0	0.02	0.02	0.02	0.02	0.02	0.02	0.02	0.02	0.02	0.02	0.02	0.02	0.02	0.02	0.02	0.02	0.02	0.02	0.02	0.02	0.02	0.02	0.02	0.02	0.02	\N	2026-08-14 14:21:22	2026-08-14 14:48:52
89	b16db5c3-1260-49f2-9903-740c283ecfee	89	备用曲线9	89	上行300BP	0.0	0.02	0.02	0.02	0.02	0.02	0.02	0.02	0.02	0.02	0.02	0.02	0.02	0.02	0.02	0.02	0.02	0.02	0.02	0.02	0.02	0.02	0.02	0.02	0.02	0.02	\N	2026-08-14 14:21:22	2026-08-14 14:48:52
90	1ccb9b72-9716-4b6c-af88-21ef9c053f80	90	备用曲线10	90	上行300BP	0.0	0.02	0.02	0.02	0.02	0.02	0.02	0.02	0.02	0.02	0.02	0.02	0.02	0.02	0.02	0.02	0.02	0.02	0.02	0.02	0.02	0.02	0.02	0.02	0.02	0.02	\N	2026-08-14 14:21:22	2026-08-14 14:48:52
91	f321991c-be07-447e-a182-af91fb86895c	91	备用曲线11	91	上行300BP	0.0	0.02	0.02	0.02	0.02	0.02	0.02	0.02	0.02	0.02	0.02	0.02	0.02	0.02	0.02	0.02	0.02	0.02	0.02	0.02	0.02	0.02	0.02	0.02	0.02	0.02	\N	2026-08-14 14:21:22	2026-08-14 14:48:52
92	cfc070a1-ef1a-488b-aed6-719ad34cdfe0	92	备用曲线12	92	上行300BP	0.0	0.02	0.02	0.02	0.02	0.02	0.02	0.02	0.02	0.02	0.02	0.02	0.02	0.02	0.02	0.02	0.02	0.02	0.02	0.02	0.02	0.02	0.02	0.02	0.02	0.02	\N	2026-08-14 14:21:22	2026-08-14 14:48:52
93	591a59f0-f9a0-4349-8c2a-141ee4b699b2	93	备用曲线13	93	上行300BP	0.0	0.02	0.02	0.02	0.02	0.02	0.02	0.02	0.02	0.02	0.02	0.02	0.02	0.02	0.02	0.02	0.02	0.02	0.02	0.02	0.02	0.02	0.02	0.02	0.02	0.02	\N	2026-08-14 14:21:22	2026-08-14 14:48:52
94	f75f928b-8314-49d4-8f98-2f1c3dcedc97	94	备用曲线14	94	上行300BP	0.0	0.02	0.02	0.02	0.02	0.02	0.02	0.02	0.02	0.02	0.02	0.02	0.02	0.02	0.02	0.02	0.02	0.02	0.02	0.02	0.02	0.02	0.02	0.02	0.02	0.02	\N	2026-08-14 14:21:22	2026-08-14 14:48:52
95	b69cb8f0-4e95-4e58-9cc9-c17a788d5259	95	备用曲线15	95	上行300BP	0.0	0.02	0.02	0.02	0.02	0.02	0.02	0.02	0.02	0.02	0.02	0.02	0.02	0.02	0.02	0.02	0.02	0.02	0.02	0.02	0.02	0.02	0.02	0.02	0.02	0.02	\N	2026-08-14 14:21:22	2026-08-14 14:48:52
96	e0914333-ebe8-49b3-bd8e-b4e88b9a8d00	96	备用曲线16	96	上行300BP	0.0	0.02	0.02	0.02	0.02	0.02	0.02	0.02	0.02	0.02	0.02	0.02	0.02	0.02	0.02	0.02	0.02	0.02	0.02	0.02	0.02	0.02	0.02	0.02	0.02	0.02	\N	2026-08-14 14:21:22	2026-08-14 14:48:52
97	7aea091f-2211-4ee0-8b79-a9a6885b7eee	97	备用曲线17	97	上行300BP	0.0	0.02	0.02	0.02	0.02	0.02	0.02	0.02	0.02	0.02	0.02	0.02	0.02	0.02	0.02	0.02	0.02	0.02	0.02	0.02	0.02	0.02	0.02	0.02	0.02	0.02	\N	2026-08-14 14:21:22	2026-08-14 14:48:52
98	a0b8752c-b1a2-44a6-83e4-28d6f8827e25	98	备用曲线18	98	上行300BP	0.0	0.02	0.02	0.02	0.02	0.02	0.02	0.02	0.02	0.02	0.02	0.02	0.02	0.02	0.02	0.02	0.02	0.02	0.02	0.02	0.02	0.02	0.02	0.02	0.02	0.02	\N	2026-08-14 14:21:22	2026-08-14 14:48:52
99	bb6110c4-a03e-4b59-8c14-e6694fbb9aa0	99	备用曲线19	99	上行300BP	0.0	0.02	0.02	0.02	0.02	0.02	0.02	0.02	0.02	0.02	0.02	0.02	0.02	0.02	0.02	0.02	0.02	0.02	0.02	0.02	0.02	0.02	0.02	0.02	0.02	0.02	\N	2026-08-14 14:21:22	2026-08-14 14:48:52
100	820d024e-4f3d-4807-92f8-c38c8e0dbdea	100	备用曲线20	100	上行300BP	0.0	0.02	0.02	0.02	0.02	0.02	0.02	0.02	0.02	0.02	0.02	0.02	0.02	0.02	0.02	0.02	0.02	0.02	0.02	0.02	0.02	0.02	0.02	0.02	0.02	0.02	\N	2026-08-14 14:21:22	2026-08-14 14:48:52
101	5b83c5b0-e161-4a0c-b2d5-57613af3edf3	101	备用曲线21	101	上行300BP	0.0	0.02	0.02	0.02	0.02	0.02	0.02	0.02	0.02	0.02	0.02	0.02	0.02	0.02	0.02	0.02	0.02	0.02	0.02	0.02	0.02	0.02	0.02	0.02	0.02	0.02	\N	2026-08-14 14:21:22	2026-08-14 14:48:52
102	027d9bcd-7c2c-4fb2-833f-4ea53ea6ccd4	102	备用曲线1	102	基准	0.0	\N	\N	\N	\N	\N	\N	\N	\N	\N	\N	\N	\N	\N	\N	\N	\N	\N	\N	\N	\N	\N	\N	\N	\N	\N	\N	2026-08-14 14:21:22	2026-08-14 14:21:22
103	5a729d31-f86a-457b-b8a7-316f79d4d6ec	103	备用曲线2	103	基准	0.0	\N	\N	\N	\N	\N	\N	\N	\N	\N	\N	\N	\N	\N	\N	\N	\N	\N	\N	\N	\N	\N	\N	\N	\N	\N	\N	2026-08-14 14:21:22	2026-08-14 14:21:22
104	ac4d8d28-4669-45be-bd69-ebaec7376059	104	备用曲线3	104	基准	0.0	\N	\N	\N	\N	\N	\N	\N	\N	\N	\N	\N	\N	\N	\N	\N	\N	\N	\N	\N	\N	\N	\N	\N	\N	\N	\N	2026-08-14 14:21:22	2026-08-14 14:21:22
105	a801138f-7cba-41f0-8300-82fa0836b409	105	备用曲线4	105	基准	0.0	\N	\N	\N	\N	\N	\N	\N	\N	\N	\N	\N	\N	\N	\N	\N	\N	\N	\N	\N	\N	\N	\N	\N	\N	\N	\N	2026-08-14 14:21:22	2026-08-14 14:21:22
106	faf0c0f1-d96e-498d-816b-a85c93c47da1	106	备用曲线5	106	基准	0.0	\N	\N	\N	\N	\N	\N	\N	\N	\N	\N	\N	\N	\N	\N	\N	\N	\N	\N	\N	\N	\N	\N	\N	\N	\N	\N	2026-08-14 14:21:22	2026-08-14 14:21:22
107	2d2a9c30-5048-4fbc-8494-50d7ac6c70f4	107	备用曲线6	107	基准	0.0	\N	\N	\N	\N	\N	\N	\N	\N	\N	\N	\N	\N	\N	\N	\N	\N	\N	\N	\N	\N	\N	\N	\N	\N	\N	\N	2026-08-14 14:21:22	2026-08-14 14:21:22
108	959ef1c3-4519-4b77-978c-ca58a7c38b12	108	备用曲线7	108	基准	0.0	\N	\N	\N	\N	\N	\N	\N	\N	\N	\N	\N	\N	\N	\N	\N	\N	\N	\N	\N	\N	\N	\N	\N	\N	\N	\N	2026-08-14 14:21:22	2026-08-14 14:21:22
109	f102e722-432e-4a24-bb99-398ef9a5e3b1	109	备用曲线8	109	基准	0.0	\N	\N	\N	\N	\N	\N	\N	\N	\N	\N	\N	\N	\N	\N	\N	\N	\N	\N	\N	\N	\N	\N	\N	\N	\N	\N	2026-08-14 14:21:22	2026-08-14 14:21:22
110	529e7601-05eb-4bbd-89d3-d4cb775eee26	110	备用曲线9	110	基准	0.0	\N	\N	\N	\N	\N	\N	\N	\N	\N	\N	\N	\N	\N	\N	\N	\N	\N	\N	\N	\N	\N	\N	\N	\N	\N	\N	2026-08-14 14:21:22	2026-08-14 14:21:22
111	b2a841f9-70f6-4801-b708-9f0d612b68c8	111	备用曲线10	111	基准	0.0	\N	\N	\N	\N	\N	\N	\N	\N	\N	\N	\N	\N	\N	\N	\N	\N	\N	\N	\N	\N	\N	\N	\N	\N	\N	\N	2026-08-14 14:21:22	2026-08-14 14:21:22
112	bf0b21e7-ba9a-4e7f-a4bd-6e5f220e99ce	112	备用曲线11	112	基准	0.0	\N	\N	\N	\N	\N	\N	\N	\N	\N	\N	\N	\N	\N	\N	\N	\N	\N	\N	\N	\N	\N	\N	\N	\N	\N	\N	2026-08-14 14:21:22	2026-08-14 14:21:22
113	5d842ead-d57f-4439-91f9-a72d040b3463	113	备用曲线12	113	基准	0.0	\N	\N	\N	\N	\N	\N	\N	\N	\N	\N	\N	\N	\N	\N	\N	\N	\N	\N	\N	\N	\N	\N	\N	\N	\N	\N	2026-08-14 14:21:22	2026-08-14 14:21:22
114	a59de93c-f23a-42f6-8770-cf37d914deb9	114	备用曲线13	114	基准	0.0	\N	\N	\N	\N	\N	\N	\N	\N	\N	\N	\N	\N	\N	\N	\N	\N	\N	\N	\N	\N	\N	\N	\N	\N	\N	\N	2026-08-14 14:21:22	2026-08-14 14:21:22
115	c9d0f5d5-6be5-4e09-a195-99b3bb6cbfb2	115	备用曲线14	115	基准	0.0	\N	\N	\N	\N	\N	\N	\N	\N	\N	\N	\N	\N	\N	\N	\N	\N	\N	\N	\N	\N	\N	\N	\N	\N	\N	\N	2026-08-14 14:21:22	2026-08-14 14:21:22
116	f92bb74d-552c-41bb-a88c-80a445ab6b47	116	备用曲线15	116	基准	0.0	\N	\N	\N	\N	\N	\N	\N	\N	\N	\N	\N	\N	\N	\N	\N	\N	\N	\N	\N	\N	\N	\N	\N	\N	\N	\N	2026-08-14 14:21:22	2026-08-14 14:21:22
117	85ea957c-16a6-4495-b5b7-8fefdac1657e	117	备用曲线16	117	基准	0.0	\N	\N	\N	\N	\N	\N	\N	\N	\N	\N	\N	\N	\N	\N	\N	\N	\N	\N	\N	\N	\N	\N	\N	\N	\N	\N	2026-08-14 14:21:22	2026-08-14 14:21:22
118	58207198-b95d-47fe-a8d2-cb1feeaa43b5	118	备用曲线17	118	基准	0.0	\N	\N	\N	\N	\N	\N	\N	\N	\N	\N	\N	\N	\N	\N	\N	\N	\N	\N	\N	\N	\N	\N	\N	\N	\N	\N	2026-08-14 14:21:22	2026-08-14 14:21:22
119	391334dd-4305-4e3c-8e0a-0fc305a1d342	119	备用曲线18	119	基准	0.0	\N	\N	\N	\N	\N	\N	\N	\N	\N	\N	\N	\N	\N	\N	\N	\N	\N	\N	\N	\N	\N	\N	\N	\N	\N	\N	2026-08-14 14:21:22	2026-08-14 14:21:22
120	97506c6f-440f-4365-94d3-ac13417f0028	120	备用曲线19	120	基准	0.0	\N	\N	\N	\N	\N	\N	\N	\N	\N	\N	\N	\N	\N	\N	\N	\N	\N	\N	\N	\N	\N	\N	\N	\N	\N	\N	2026-08-14 14:21:22	2026-08-14 14:21:22
121	3d9eda4e-79fc-4b02-9e4d-21be270a584c	121	备用曲线20	121	基准	0.0	\N	\N	\N	\N	\N	\N	\N	\N	\N	\N	\N	\N	\N	\N	\N	\N	\N	\N	\N	\N	\N	\N	\N	\N	\N	\N	2026-08-14 14:21:22	2026-08-14 14:21:22
122	e291ac81-6c45-41b8-a64e-173cb860f7e9	122	备用曲线21	122	基准	0.0	\N	\N	\N	\N	\N	\N	\N	\N	\N	\N	\N	\N	\N	\N	\N	\N	\N	\N	\N	\N	\N	\N	\N	\N	\N	\N	2026-08-14 14:21:22	2026-08-14 14:21:22
123	0a729810-56cc-452b-a4dd-ae3beb02fb47	123	备用曲线16	123	基准	0.0	\N	\N	\N	\N	\N	\N	\N	\N	\N	\N	\N	\N	\N	\N	\N	\N	\N	\N	\N	\N	\N	\N	\N	\N	\N	\N	2026-08-14 14:21:22	2026-08-14 14:21:22
124	25968d36-3c07-43d4-bea2-b7c473e532c7	124	备用曲线17	124	基准	0.0	\N	\N	\N	\N	\N	\N	\N	\N	\N	\N	\N	\N	\N	\N	\N	\N	\N	\N	\N	\N	\N	\N	\N	\N	\N	\N	2026-08-14 14:21:22	2026-08-14 14:21:22
125	7a169577-2693-4564-be8b-f99e3b08e5e3	125	备用曲线18	125	基准	0.0	\N	\N	\N	\N	\N	\N	\N	\N	\N	\N	\N	\N	\N	\N	\N	\N	\N	\N	\N	\N	\N	\N	\N	\N	\N	\N	2026-08-14 14:21:22	2026-08-14 14:21:22
126	a10bb01c-710f-4ac6-ab75-109f4e7e10c2	126	备用曲线19	126	基准	0.0	\N	\N	\N	\N	\N	\N	\N	\N	\N	\N	\N	\N	\N	\N	\N	\N	\N	\N	\N	\N	\N	\N	\N	\N	\N	\N	2026-08-14 14:21:22	2026-08-14 14:21:22
127	4267b462-29ab-4de7-9606-67d86d9e6824	127	备用曲线20	127	基准	0.0	\N	\N	\N	\N	\N	\N	\N	\N	\N	\N	\N	\N	\N	\N	\N	\N	\N	\N	\N	\N	\N	\N	\N	\N	\N	\N	2026-08-14 14:21:22	2026-08-14 14:21:22
128	e39e4b18-523e-4797-9dad-9ed6203017ce	128	备用曲线21	128	基准	0.0	\N	\N	\N	\N	\N	\N	\N	\N	\N	\N	\N	\N	\N	\N	\N	\N	\N	\N	\N	\N	\N	\N	\N	\N	\N	\N	2026-08-14 14:21:22	2026-08-14 14:21:22
